2,esse,professor,fala,muito
0,talitafernandes,sao,sabatina,ainda,inscritos,para,perguntas,ccj,ainda,vota,indicacao,moraes,antes,pra,plenario
0,1citouamor,nao,adianta,gente,planejar,muito,melhor,coisa,deixar,deus,nos,surpreender
5,1namorosanto,deus,impossivel,nao,desistiu,mim
0,virtuosajovem,pare,olhar,pouco,seu,redor,olhe,para,problema,pode,estar,voce
5,mtvhitssereiando,com,lukasgraham,sendo,fofo,com,mae
0,direto,sol,nascente,carol,conta,mario,giuliana,filha,cesar,veja
5,rockabye,aqui,playlist,mtvhitssereiando,pole,dance,aqui,servico
2,hidimensions,the,power,music
0,queria,seu,time,veja,jogadores,estrangeiros,que,estao,sem,contrato,centralfoxbrasil
5,vai,comprar,terno,novo,confira,algumas,dicas
0,teaser,ultimo,episodio,vampire,diaries,mostra,reencontro,elena,stefan
5,nao,mano,apuracaobbb17,parcial,19h10,bbb17manoel,53emilly,41vivian
0,cake,the,ocean,pra,voce,leva,varios,lanches,pesados,pra,praia,joe,contigo,mtvhitssereiando
0,ainda,bem,ocupo,minha,cabeca,com,minhas,noia,nao,tempo,problematizar,nada
5,bbb17,conversa,com,roberta,marinalva,critica,relacao,marcos,emilly
0,drake,interrompe,show,pra,fazer,homenagem,diferente,aniversariante,rihanna,muito,amor,achei,tudo,sim
5,preciso,logo,emprego,sei,dormir,comer,arrumar,casa
1,acordei
0,blue,ivy,ate,tenta,ser,normal,mas,povo,deixa,parece,gente,quando,entra,loja,vendedor,fica
0,omg,comecaram,gravacoes,novo,filme,franquia,starwars,esse,novo,filme,sera,sobre,hans
5,amooooo,sheeran,apresenta,cover,maravilhoso,touch,little,mix,vem,assistir
0,facebook,volta,copiar,snapchat,com,novo,recurso,whatsapp,status
0,olha,bapho,karrueche,tran,acusa,chris,brown,ameacala,morte,consegue,ordem,judicial,contra,ele
0,werleybitten,falar,unica,pessoa,pode,fazer,mudar,ideia,voce,msm
0,pyongleetv,pediu,esse,clipe,que,happy,2016,arrasou,anjo,mtvhitssereiando
0,work,from,home,aqui,pyongleetv,faz,uma,hipnose,pra,camila,voltaaaaaaaaar,mtvhitssereiando
5,cata,mais,perigosa,aqui,dangerous,woman,mtvhitssereiando
2,essa,musica,meninas,lindasmtvbrasil
0,agora,essa,piscina,nunca,vai,ficar,pronta,work,from,home,mtvhitssereiando
0,lanterna,cblol,brave,anuncia,rompimento,com,remo,diz,insatisfeita,com,nova,diretoria
5,use,senha,com,imagem,windows,para,proteger,seu,dispositivo
5,iphone,com,tecnologia,kinect,note,volta,galaxy,ctnews
0,essa,especiaria,gosto,chas,sobremesas,pode,fazer,muito,por,sua,saude,saiba,como
0,buscando,solucao,bandeira,diz,que,flamengo,sugeriu,pacaembu,brasilia,para,semi
0,clipe,basicamente,isso,lingerie,luz,rosa,migos,dangerous,woman,mtvhitssereiando
5,sera,que,simeone,muito,satisfeito
0,entrevista,uma,das,atracoes,lollapalooza,ceu,fala,sobre,tropix,seu,ultimo,disco,musica,sonoridades
7,mtvbrasil,ariana
5,shaki,pra,sensualizar,corredor,pequeno,mictorio,mtvhitssereiando
0,chegou,chantaje,pra,gente,ficar,feliz,com,maluma,peruca,rosa,incrivel,mtvhitssereiando
2,desde,que,samba,samba
6,que,pinto,chegamos
0,mtvhitssereiando,todo,esse,mind,made,sim,essa,era,musica,tocou,quando,sua,miga,pediu,pra,embora,festinha
0,breve,voce,vai,poder,usar,seu,samsung,galaxy,para,desbloquear
0,10ronaldinho,confirmou,que,deve,aposentar,ele,merece,uma,despedida,oficial,cada,clube,que,jogou,acha,que
0,bahia,foi,mais,uma,vez,ponto,partida,campanha,nacional,prevencao,aids,durante,carnaval
0,valorize,pessoas,que,realmente,lhe,dao,motivos,para,sorrir,mafiasdvqculpatenhose
5,conspirou,mas,influencias,nao,influenciam,boas,cabecas
5,ultimo,bloco,mtvhitssereiando,comecou,tao,booooooooooom
5,tuiteimari,aqui,incentivo,por,eles,foramanoel,bbb17
6,luisasonza,preciso,amigos
5,simon,kinberg,pode,dirigir,proximo,filme,dos,xmen
5,estilo,look,roupas,tendencias,beleza,moda,acessorios,lookdodia,inspiracao
2,close,pro,ultimo,bloco,mtvhitssereiando
7,meu,deus
3,dor
5,centro,atendimento,multiplas,vitimas,hge,esta,preparado,carnaval,saude
0,ainda,temos,tempo,para,mais,clipes,qual,voce,quer,ver,mtvhitssereiando
0,selina,meyer,volta,hilaria,novo,teaser,sexta,temporada,veep,veja
5,brasil,conquista,lugar,ranking,paises,mais,empreendedores
0,quando,voce,maluco,ansiedade,lembra,que,jogo,amanha,libertadoresfoxsports
0,pouco,alokoficial,aqui,pra,curtir,esse,hear,now,migos,nao,vou,prolongar,porque,esse,clipe,emociona
0,aescravaisaura,esta,voce,nao,pode,ficar,fora,todas,emocoes,novela,familia,brasileira
4,melhor,clipe,pra,ficar,pan,pan,pan,pan,pan,pan,ate,amanha,mtvhitssereiando
0,acervo17,assistam,esse,video,emillyaraujoof,dancando,cantando,regime,fechado,dar,gas,votacao,simplesmente,apa
5,allfouremilly,cada,fav,votoscada,votosforamanoel,bbb17,comecando,agora
0,ayacomenta,cada,retweet,nesse,tweet,sera,voto,foramanoel,que,irei,dar,bbb17
5,quando,toca,todo,esse,this,girl,fico,mtvhitssereiando
0
0,confira,algumas,dicas,saude,para,carnaval,tranquilo,sus,govba
5,tua,crf,230,vai,ficar,enjoada
0,vimsb,agora,oficial,existe,nenhum,perfil,mais,hipocrita,que,vasco,diz,que,luta,contra,violencia,posta,isso
5,minsaude,atualiza,casos,notificados,febre,amarela,pais
0,ultimo,clipe,dia,pra,ficar,nesse,ritmo,envolvente,mtvhitssereiando
0,leoncio,garante,que,isaura,tornara,dona,fazenda,deixar,que,ele,possua,aescravaisaura
0,aguardo,ansiosamente,dia,que,vou,poder,ouvir,musicas,tristes,sem,sentir,afetada
0,paris,penultimo,clipe,dia,sei,dificil,mas,estamos,quase,acabando,com,essa,brinks,mtvhitssereiando
3,dibruno182
0,que,ciencia,diz,sobre,crenca,que,vinho,tinto,faz,bem,saude
5,hoje,mais,enrolado,que,eurico,com,microfone
5,queria,ser,mais,jovens,sinto,triste
5,relateicitacoes,ogroamarelo,frases,serie,pure,genius,via,queridojeito
0,kmouraa7,nao,entendo,piadas,peco,pra,explicarem,dai,acabou,graca
0,relateicitacoes,ogroamarelo,existem,monstros,neste,mundo,pessoas,que,fazem,coisas,abominaveis
0,mazinholp,nova,adicao,mais,queridas,linkin,park,heavy,feat,kiiara,deezerbrasil
2,harmonia,sampler,pra,lacrarrrrrrrrrr,mtvhitssereiando
5,nordilucia,mafiasdvqculpatenhose,seguem,sigo,volta,rapidinho
5,frasespopuiares,frases,filme,moana,mar,aventuras,via,queridojeito
0,darthvadertb,chao,cede,homem,engolidopor,buraco,metros,bahia,timbe
0,jcpe,jcesportes,zagueiro,adalberto,fala,oportunidade,teve,como,titular,nauticope,diante,belo,jardim
0,entornoi,leocenis,garcia,reunio,con,zapatero,agradeci,sus,gestiones,pedi,por,resto,presos,politicos
0,vento,ontem,falou,que,ela,esta,beme,que,nao,sente,saudades,ninguem
5,exame,descarta,suspeita,febre,amarela,lagoa,prata
0,marcos,rocha,revela,bronca,roger,carvalho,por,canetas,nos,adversarios
5,e45,jbl,tem,design,pratico,bateria,que,dura,horas
0,precisamos,combater,esse,mosquito,contamos,com,voce,nao,deixe,agua,parada,mosquitonao
2,perdeu,alguma,noticia,hoje,vamos,relembrar
5,votacao,para,oscar,2017,termina,hoje,oscaromelete
0,nijigahara,holograph,manga,diferente,tudo,voce,leu,veja,onde,comprar,seu,exemplar,gtgt
5,tentar,defender,isaura,henrique,agredido,por,leoncio,aescravaisaura
0,gimamaravilha,acabou,cao,cao,comecouluis,fabiano,paolo,guerrero,quem,voce,escolhe,20h30,tem,jogandoprovoca
6,falcao,golaco,terca
5,10ronaldinho,fui,oftalmologista,hoje,realizei,alguns,exames,estou,bem
0,expressoepoca,procurador,eleitoral,diz,ser,favoravel,cassacao,chapa,pimentelantonio,andrade
0,sadplisetsky,fala,pra,pessoa,manda,audio,pra,saber,como,voz,ele,manda,seduzindo,meudeus
0,pede,audio,wpp,voce,manda,cantando,cof,cof,sadplisetsky
0,mkarolqueiroz,muito,ruim,quando,voce,nao,pode,sentir,algo,que,voce,esta,sentindo
2,resumao,que,jogo,amigos
5,quer,que,seduza,canto,algo,pior,ainda
0,tomasio,gioconda,descobrem,que,gabriel,pode,perder,movimento,das,pernas,aescravaisaura
5,pikachu,especial,aparecera,por,tempo,limitado,pokemon
5,samsung,pode,voltar,vender,galaxy,note,como,produto,remanufaturado
5,quando,trabalho,preciso,segurar,vontade,bloquinho
0,fairy,tail,comecou,chegar,nas,bancas,lojas,especializadas,saiba,mais,gtgt
0,sampaoli,explica,ausencia,ganso,entre,relacionados,sevilla,cutuca,ele,precisa,mudar
5,andrehenning,jose,trajano,estara,com,andrehenning,nessa,quintafeira,22h30,imperdivel
6,sempre,uma,decepcao
0,marcos,rocha,revela,bronca,roger,machado,por,canetas,nos,adversarios,centralfoxbrasil
5,versosrelatei,deixa,tem,coisa,melhor,pra,vir
3,zullymagaly
5,enganaveis,crescimento,interior,muda,nossa,realidade
5,reciitei,precisando,alguem,que,precise,mim
2,euchapei,nao,esqueco,respirar,automatico
3,boanoite
2,tonsdeciumes,por,namorado,assim
0,talitafernandes,sao,20h,vao,sabatina,apreciacao,plenario,indicacao,alexandre,moraes,deve,ficar,para,11h
2,publiquei,uma,nova,foto,facebook
0,fullmetal,alchemist,comecou,chegar,nas,bancas,nessa,tercasdeaco,saiba,mais,gtgt
0,barbaralobato,juca,nao,responde,emails,nem,telefonas,impossibilitando,processo,siga,calendario,normalidade
0,barbaralobato,juca,foi,indicado,como,testemunha,defesa,expresidente,lula,processo,lavagem,dinheiro,ocultacao,bens
0,barbaralobato,moro,tenta,contato,sem,sucesso,senador,romero,juca,pmdbrr,lider,governo,temer,senado,desde,jane
0,willfreits,bom,namorar,comigo,sou,feio,ninguem,vai,dar,cima,mim
5,ficadomeulado,invejosos,porque,voce,esta,fazendo,algo,certo
2,preciso,uma,meninohomem,assim
0,apesar,das,surpresas,oscar,lista,esnobados,2017,grande,confira,skybrasil,quem,ficou,fora
5,quantos,cariocas,estarao,fase,grupos,libertadores
5,remedios,fizeram,parar,chorar,mas,ainda,triste,com,saudades
0,barbaralobato,sergio,moro,manifestou,nos,autos,processo,aguarda,resposta,oficio,justica,senador,romero,juca,ate,dia
7,entendedores,entenderao
0,qual,assunto,voce,quer,debater,com,gente,jogando,casa,vote,participe,com,hashtag,jogandoprovoca
0,hoje,duelo,foi,mesmo,artilheiros,olha,como,foi,jogo,para,guerosergiokun,falcao
5,liam,gallagher,comenta,seu,novo,disco,alfineta,fas,noel
5,chefe,divisao,xbox,elogia,novo,titulo,exclusivo,ps4
0,das,pessoas,tem,diabete,mais,anos,sofrem,esse,problema,vista,boa,parte,sabe,disso
0,saopaulo,lidera,com,dobro,palmeiras,vicelider,veja,media,publico,nos,estaduais
5,confira,primeiros,detalhes,tecnicos,fort,apocalypse,gtgt
0,pra,quem,nao,sabe,esse,pessoal,por,tras,tirateima
0,bola,rolando,morumbi,qual,seu,palpite,para,duelo,entre,sao,paulo,sao,bento,saoxsbn
5,interessada,alvado,branca,quer,entrar,para,sociedade,abolicionista,aescravaisaura
5,qual,dessas,combinacoes,uniformes,melhor,com,amarelinha
0,barbaralobato,juiz,moro,oferece,opcoes,senador,ate,momento,respondeu,justica,federal,juca,testemunha,lula
0,olhando,pro,tweet,cima,pensando,ainda,bem,que,nao,fui,que,passei,essa,vergonha
2,ana,viva,adriana,viva,adriana,carinhadeanjo067
0,quando,voce,vira,jogo,maluco,abre,vantagem,champions,league
5,adriana,chegou,com,clipe,novo,carinha,comecou,carinhadeanjo067
5,quem,sai,hoje,emily,manoel,vivian,bbb17
6,meu,deeeeeeeeeeeeus,carinhadeanjo067
2,dois,arrasando,peruca,carinhadeanjo067
6,angeladip,olha,carinhadeanjo067
3,richard
5,minha,nova,familia,marco,estreia,rico,lazaro,novela,record
0,nao,hoje,comecamos,clipe,novo,carloporto,ficou,lindo,demais,carinhadeanjo067
0,pode,acomodando,sofa,aterraprometida,comecou,tela,recordtvoficial,fique,ligado
6,controla,silvana,carinhadeanjo067
0,aescravaisaura,fica,por,aqui,muito,obrigada,pela,companhia,ate,amanha,com,mais,emocoes,surpresas
5,brasil,tem,292,casos,confirmados,febre,amarela,mortes,chegam
5,carloporto,carinhadeanjo,grande,surpresa,adrianinha,todas,meninas,arrasaram,muito
5,duda,nao,podia,ter,dito,carinhadeanjo067
0,katy,perry,canta,montanha,russa,novo,video,chained,the,rhythm,veja
0,tivesse,antidoping,apos,partida,esse,goleiro,estaria,arruinado,que,isso,video,official433
0,goooool,sao,bento,depois,escanteio,pitty,sobe,livre,para,abrir,placar,saoxsbn
5,irma,fabiana,disfarcando,super,bem,hahah,carinhadeanjo067
5,uber,testa,mais,carros,autonomos,nos,estados,unidos
5,chegando,carnaval,encontros,mais,aleatorios,ano
0,gente,ate,tava,divertindo,com,guga,mas,ele,ligou,pra,nicole,passou,carinhadeanjo067
2,namorou,como,queria,agora
6,forca,josue,aterraprometida
0,jogo,truncado,meio,campo,equipes,nao,conseguem,criar,segue,para,sao,bento,saoxsbn
2,sera,maisa,aceitar,namorar,cmg
6,presta,atencao,inacio,carinhadeanjo067
6,segura,dulce,carinhadeanjo067
0,reporterbruno,amanha,10h30,apresento,conexaoei,eimaxx,rei,envolvencia,getuliovargas01,comenta,vamos,bora
2,ronyviiana,pastor,alemao,tweet,apreciacao
5,quando,preparo,pro,carnaval,fantasia,fica,ruim
0,tobias,exige,que,zaqueu,pague,com,propria,vida,pelo,que,fez,com,aruna,aterraprometida
5,com,todo,respeito,vai,toma,seu
0,perumira,entrevista,perumira,periodismo,marketing,mundo,lih,con,aline,martins,alinemarttins,desde,brasil
5,slashante,sabia,que,rawr,amo,dinossauro
0,depois,quase,semana,percebi,que,nao,nasci,pra,danca
0,zaqueu,nao,pode,pagar,pelo,erro,que,nao,cometeu,aterraprometida
0,vitormrtns,acho,meu,mantra,vida,sempre,vai,ser
3,pergunta
0,amoro,amor,amor,quando,coracoes,unem,num,coracao,num,coracao,num,coracao
5,camilaexplict,bateu,nove,milhoes,sei,pensar,nissocabelorosafelipeneto
0,veja,que,boba,fui,querer,conquistarassim,nao,daaaaaaaaaaassim,nao
0,pra,fiz,cancao,entreguei,meu,amor,mas,voce,nao,quis,saberdesprezou,meu,coracao
2,cabelorosafelipeneto,amei,esse,cabelo,muito
2,social,mas,aquele,fun,damyller
0,por,que,sera,que,madre,brava,com,fabiana,carinhadeanjo067
5,quando,voce,lembra,que,sextafeira,carnaval
0,hyperdrive,novidades,game,thrones,fase,marvel,hugh,jackman,encontra,sua,voz,brasileira
0,pefabiodemelo,toda,vez,meu,celular,acaba,bateria,vejo,pessoas,desfrutando,formidavel,sinal,wifi,tenho,vontade
5,corinthians,palmeiras,fazem,video,conjunto,maior,classico,mundo
5,junte,amigas,escolha,look,missy,pra,curtir,esta
5,fruta,tipica,brasil,pode,combater,superbacteria
0,carnaval,esta,chegando,nao,deixe,preparar,para,esta,grande,folia,usecamisinha,eumeprevinoassim
5,brasil,foro,privilegiado,uma,festa
2,deu,super,ruim,meninas,carinhadeanjo067
5,estava,numa,farmacia,quando,isso,ache,erro
7,muito,triste
0,gooooool,sao,paulo,luiz,araujo,cruza,direita,lucas,pratto,cabeceia,firme,para,empatar,saoxsbn
2,aaaai,sou,cardiaca,carinhadeanjo067
0,mesmo,diante,tantas,injusticas,zaqueu,esta,disposto,aceitar,aquilo,for,decidido,pela,congregacao,dos,hebre
7,segura,chimbinhaaaaaaa
6,casal,chato,bbb17
5,unico,moicano,campeao,mundo,que,voce,respeita
7,mulher,porra
0,casa,nova,campeao,com,santos,2015,marcelo,fernandes,acerta,com,portuguesa,santista
5,dia,treino,com,lionel,messi,apreciem
5,agregados,depois,das,cenas,guilia,hojerockstory
0,voce,pode,trocar,pilula,anticoncepcional,por,aplicativo,995,seguro
5,anos,passam,ainda,pensando,comer,nas,aulas
0,mais,uma,vez,vejo,apaixonada,pelo,seu,sorriso,voce,nem,esta,aqui,varios,dias,guardo,nas,lembrancas,nelas,voce,esta,feliz
2,nossa,guga,que,agressividade,carinhadeanjo067
5,chaia,zaqueu,despedem,guerreiro,parte,gilgal,aterraprometida
0,sadplisetsky,avisando,foi,consegui,stalkear,min,tinha,meio,sim,tem,seu,perfil,adoron,ric
6,tadinho,emillio,carinhadeanjo067
5,essa,menina,poster,skyfall,amei,skyfall,minha,musica,favorita
2,vai,ser,otimo,hahah,carinhadeanjo067
0,fiiiiim,primeiro,tempo,morumbi,sao,paulo,sao,bento,vao,empatando,quem,leva,melhor,saoxsbn
2,toda,intimidade,ribasdiego10,com,bola
5,mulheres,protagonizaram,mais,filmes,hollywood,2016
0,nova,geracao,hololens,vira,daqui,anos,mas,bom,saber,microsoft,pretende,trazer,grandes,mudancas
5,harrystniall,chorando,com,arrependimento,leia,aterraprometida
5,luetuca,que,cena,heim,dona,beth,goulart,aterraprometida
5,parabenshoje,aniversario,evair,bicampeao,brasileiro,libertadoresfoxsports,idolo,palmeiras
5,aldinefm,aterraprometida,que,mudanca,hein,dona,leiato,gostando,ver
0,loiranoob,udrezzy,jogam,warface,batalha,hoje,mtv,legendsofgamebrassista,mtv,play,mtvlogbr
0,somerlindo,sera,voce,nao,enxerga,samara,josue,nunca,foi,seu,leia,vem,abraca,aterraprometida
5,darcsalmoura,arrependimento,forte,leia,sofrendo,aterraprometida
0,paulenrique97,infelizmente,leia,colhe,plantou,agora,viu,que,mal,todo,que,fez,serviu,nada,mas,nunca,tarde
5,voce,precisa,ser,forte,chaia,zaqueu,inocente,aterraprometida
5,olhos,leia,realmente,foram,abertos,pela,verdade,aterraprometida
0,iamgeovanejesus,ato,muito,nobre,leia,reconhecendo,seus,erros,arrependimento,nao,muda,passado,mas,pode,mudar,futuro,aterrapro
0,qual,assunto,voce,quer,debater,com,gente,jogando,casa,vote,participe,com,hashtag,jogandoprovoca
0,sei,que,nao,facil,lidar,comigo,mas,nao,desiste,mim
0,lubatv,desafio,vergonha,alheia,com,muita,cedussao,obg,por,assistir,pelo,incrivel,kcapersonalidadebr,lubatv
5,possivel,resumir,bayer04fussball,atleti,pelas,reacoes,simeone
2,punho,ferro,ganha,cartaz,animado
6,joga,luva,goleirao
2,como,queria,uma,massagem
0,10ronaldinho,confirmou,que,deve,aposentar,ele,merece,uma,despedida,oficial,cada,clube,que,jogou,acha,que
0,comeeeeca,segundo,tempo,sao,paulo,sao,bento,vao,empatando,quem,vence,partida,saoxsbn
3,cansadona
0,carhlectar,quando,voce,pensando,vida,dai,lembra,dia,vai,fica,velho,morre,ainda,fez,porra,nenhuma,util,dela,htt
0,por,hoje,mas,amanha,tem,muito,mais,aterraprometida,obrigado,pela,companhia,continue,ligado,nas,emoco
5,moda,lookdodia,roupas,inspiracao,look,acessorios,tendencias,estilo,beleza
7,aruna,aterraprometida
0,amanha,sol,vai,levantar,outra,vez,nos,vamos,comecar,novo,juntos,aterraprometida
0
0,juninhuuoborges,esperando,convite,meu,crush,pra,tomar,esse,litrao,baratissimo,ele,faz,propaganda,perfil,dele
0,historia,espiao,real,que,inspirou,james,bond,vai,virar,serie
0,parabenshoje,aniversario,riyad,mahrez,destaque,leicester,quem,cara,cada,parab
0,edsheeran,fazendo,cover,littlemix,vai,salvar,seu,dia,obg,nada
3,rapaz
6,entrevista,sophia,abrahao
0,talitafernandes,sabatina,encerrada,comeca,instantes,votacao,relatorio,pelos,integrantes,ccj,votacao,plenario,ficou
0,gooooool,sao,paulo,novo,lucas,pratto,cabeca,para,virar,placar,morumbi,saoxsbn
6,sera,sou,burro
0,qual,assunto,voce,quer,debater,com,gente,jogando,casa,vote,participe,com,hashtag,jogandoprovoca
2,obrigada,pela,participacao,amore,abrahaosuprema
7,vamo,pegar
2,ainda,tenho,que,lavar,cabelo
0,talitafernandes,alexandre,moraes,aprovado,pela,ccj,por,votos,favoraveis,contrarios
5,estranho,como,nossos,planos,mudam,repente,mafiasdvqculpatenhose
5,recitouoriente,estranho,como,nossos,planos,mudam,repente
0,spacecoyotl,this,site,automatically,makes,fullyrendered,cats,from,your,awful,drawings
0,cuidado,com,spoilers,novo,livro,star,wars,acaba,com,teoria,sobre,supremo,lider,snoke
0,yayairton,tal,arrepiar,mais,uma,vez,com,golaco,volante,botafogo,libertadoresfoxsports,hoje
2,cuidado,com,dietas,ultima,hora
0
2,eivc,isso,mesmaquer,casar,cmg
0,uuuhhhhh,luiz,araujo,toca,para,cueva,chuta,para,boa,defesa,goleiro,sao,bento,saoxsbn
5,serenidade,olhar,quem,vai,desarmar
2,ivetesangalo,vou,chorar,pouquinho,volto
5,ivetesangalo,luscas,vamos,chorar,juntas,que,faco,melhor
0,travessaaaaao,luiz,araujo,arranca,toca,para,cueva,meia,carimba,trave,sao,bento,segue,saoxsbn
7,homens,favoritam,aqui
0,negocio,entre,gremio,ganso,esfria,jogador,deseja,seguir,europa,centralfoxbrasil
7,mulheres,favoritam,aqui
5,remillington,chega,mais,meu,povo,jogandoprovoca
2,w4lkersofredor,metadeum,tercobota,casacotira,casaco
5,nottrihanna,can,all,take,moment,appreciate
0,rnavybrazil,rihanna,agora,abrange,anos,consecutivos,musicas,top,billboard,hot,100,superando,recorde,mariah,carey
5,loca,pra,uns,bjo,volta,logo
0,odeio,tpm,odeiooooo,pareco,ser,outra,pessoa,tipo,hospedeira,aff,saco,vlh
0,goooool,sao,bento,regis,faz,boa,jogada,pela,esquerda,manda,uma,bomba,para,empatar,saoxsbn
2,pouco,preocupado,com,minha,visao
5,kyle,chandler,junta,millie,bobby,brown,elenco,godzilla
5,tatimantovani,gracias,mancitypt,asmonacoes,pelo,jogaco,hasta,proxima
6,5pfcm1lgr4u,vai,tomar
7,rnavybrazil,mood
5,rnavybrazil,sem,promocaosem,video,clipesem,live,apenas,talentoessa,rihanna
0,rnavybrazil,rihanna,segunda,artista,feminina,com,mais,top10,hot,100,madonna,382,rihanna
5,sampaoli,alfinetou,phganso,durante,coletiva,antes,champions,league,olha
2,siteprisonbreak,amem,sarah,wayne,callies
3,alasmar
0,ultra,brasil,libera,vendas,ingressos,divulga,aftermovie,edicao,2016,veja
5,autismo,pode,ser,previsto,bebes,por,meio,inteligencia,artificial
0,uma,hora,dessas,chefe,manda,assim,zap,voce,vai,trabalhar,carnavrau
2,quando,chega,minha,vez,brilhar
5,uma,selecao,alternativa,mas,com,qualidade,habitual,futebol,brasileiro
2,quando,pelada,esta,facil,demais
0,penaaaalti,chavez,cai,area,arbitro,assinala,penalidade,maxima,para,tricolor,saoxsbn
0,borntidar,posso,ter,passado,muito,micao,vida,mas,transmissao,vivo,nao,fiz
0,fim,primeiro,tempo,novelli,junior,ituano,santos,nao,sairam,quem,leva,melhor,ituxsan
6,theieansquad,hate,yall
5,bianca,voce,nao,criando,espectativas,claro,que,nao
5,maluco,chuveiro,tinha,mp3,futuro,agora
0,gooooool,sao,paulo,cueva,penalti,coloca,tricolor,volta,frente,placar,saoxsbn
5,toda,vez,que,fico,confiante,vida,coloca,lugar
0,vitorsergio,daqui,pouco,tem,essas,feras,mais,rivellino,noitedoscraques,participe,com,noitedoscraques72
0,fiiiiim,jogo,partida,disputada,sao,paulo,venceu,sao,bento,morumbi,saoxsbn
0,correee,capitulo,hoje,esta,disponivel,nosso,site,basta,clicar,aqui
0,busca,grande,cinema,mafia,ben,affleck,pesa,mao,solene,lei,noite
0,sera,voce,capaz,identificar,principais,ameacas,saude,aguas,doces,salgadas,faca,nosso,teste
5,cena,deletada,mostra,irmaos,mais,velhos,moana
0,comeca,segundo,tempo,ituano,santos,vao,empatando,itu,quem,vence,jogo,ituxsan
0,desimpedidos,sao,paulo,jogar,terca,muito,esquisitogeralmente,palmeiras,vasco,inter,que,jogam
0,veja,que,vai,rolar,nesta,quartafeira,aterraprometida,iona,descobre,que,esta,gravida
7,manuel,bocozao
5,roupas,moda,tendencias,estilo,acessorios,lookdodia,look,beleza,inspiracao
0,danielflapress,que,dizer,sobre,esse,pequeno,torcedor,rubronegro,que,mal,conheco,considero,pacastiago,reboucas,srnguer
2,por,onde,gente,passa,show
5,queria,rivotril,assim,pra,aguentar,dramas,pai
0,guardiola,foi,inferno,ceu,jogaco,entre,mancity,asmonacobr,play
6,akon,sorry,blame
5,elenco,reune,primeira,foto,oficial,han,solo
5,bancos,mundiais,sao,infectados,por,novo,malware,desconhecido
0,dolfoda,emilly,ficar,tenho,melhorar,nao,deixa,ela,sair,pelo,amor,deus,bbb17
0,evadalllas,por,uma,noite,tombos,para,ieda,marinalva,daniel,romulo,pedro,elis,nair,perfeita,ficaemilly
6,vai,certo
6,ate,que,bateu
0,ygorfremo,mas,tinhogo,loinfert,meu,podero,thinoga,mim,ter,poder,thoyoga,lifet
0,perdeu,10h,sabatina,nos,resumimos,para,voce,alexandre,moraes,pensa,sobre,tudo
0,pai,entrou,aqui,vezes,falando,dinheiro,vou,perguntar,ele,quer,tire,dinheiro
5,vcs,pudessem,escolher,qualquer,poder,qual,seria
0,vagnerdias2016,bbb17,possivel,paredao,quem,elimina,elis,nair,emilly,araujo,fav
5,vou,comprar,mozao,almofada,enquanto,meu,nao,volta
5,que,alexandre,moraes,diz,sobrelava,jatodelacao,premiadaprisao,provisoriaforo,privilegiadoe
0,sera,que,eurico,ficou,satisfeito,com,cadeira,dele,reuniao,ferj
6,manoel,chorando,kkkkkkkkkkkkkkkkkk
0,guillermo,del,toro,resposta,definitiva,diz,que,hellboy,nao,vai,acontecer
0,essas,foram,palavras,dunga,para,descrever,sua,importancia,mundial,1994
0,lopesjoca,disse,uma,coisa,hoje,fiquei,pensando,ate,repeti,videoshow,nao
1,beijinto
2,manoel,vai,sair,podem,printar
5,byabuzzolo,meu,deus,manoel,100,tonho,lua
5,sentindo,meu,coracao,dar,umas,palpitacoes,fortes
5,quando,lembro,que,amanha,tem,aula
0,muito,craque,agora,noite,dos,craques,falcao12oficial,riva,zico,vitorsergio,liga,maxx
5,disney,divulga,primeira,imagem,oficial,filme,han,solo
0,que,adianta,mina,ser,linda,nao,saber,pra,que,serve,desodorante
5,manoel,sou,triste,eliminado,iludido,carente
5,fckxpiq,hoje,peguei,onibus,com,sasuke
2,faz,assim,com,tio,hozier
0,sugar,daddy,dando,aula,direito,tributario,foi,apice,noite,wow
0,depois,reclamacoes,netflix,remove,campanha,canibal,santa,clarita,diet,alemanha
0,poxa,hora,tenho,dormir,ouco,uma,hozier,fico,viciadao
5,mudaram,minha,panelinha,pra,outra,turma,achei,pessoal
6,queria,estar,alterada
0,arthurquezada,falou,com,andre,silva,imprensa,portuguesa,chama,novo,cristiano,amanha,tem,fcporto
5,manoel,eliminado,bbb17,com,5745,dos,votosveja
2,walefyhilbert,shipp,dolly,continua,vivo,bbb17
2,annajulia46,santa,boca,kkkueatila
7,ueatila,disse
0,novo,trailer,the,legend,zelda,breath,the,wild,entrega,uma,das,surpresas,jogo
0,amanha,tem,ferias,com,avos,inedito,vamos,relembrar,rolou,ultimo,episodio
5,qual,foi,porcentagem,nao,consegui,ver
2,odeio,essa,sensacao,odeio,estar,assim
0,ouco,propagandas,spotify,escrevo,tudo,chat,jogo,todo,mundo,fica,sem,entender,nada
0,fuckingdesire,meu,deus,ceueu,sou,mais,velha,que,emily,muito,triste
0,walefyhilbert,tiago,esse,paredao,entre,emilly,manoel,como,estou,bbb17
0,xuxanave,respeita,que,sou,epoca,que,emparedados,viam,familiares,quase,tinham,ataque,cardiaco,bbb17
2,aproprialice,milhoes,minutos,socorro,bbb17
5,celsodossi,quem,quer,foraemilly,semana,que,vem,bbb17
5,nao,for,pra,namorar,assim,nem,quero
0,izacomenta,chuuuuupaaaa,seus,ridiculos,esses,tweets,falsos,voces,querendo,queimar,ela,nao,deram,certo,bbb17
4,commentju,gente,conseguiu,gente,conseguiu,gente,conseguiu,gente,conseguiu,gente,conseguiu,gente,conseguiu,bbb17
5,bigsisteer,quem,tava,duvidando,fodeu,caralho,fandom,mally,foda,bbb17
2,hmluan,num,menti,amei,bbb17
2,valeu,manoel,seus,memes,sao,melhores
0,tetombei,tem,nocao,que,tombamos,praticamente,todas,torcidas,amem,mally,bbb17,redebbb
5,ocarlosfelipe,subiram,tag,nos,votamos,bbb17
0,shnwendes,contra,tudo,contra,todos,contra,rejeicao,dela,nos,conseguimos,caralho,emilly,ficou,orgulho,voces,bbb17
5,uma,pena,sao,23h22,aquarela,vai,ficar,pra,amanha
0,acho,que,escolheram,gemeos,errados,hein,era,pra,ter,ficado,outros,dois
2,esses,gemeos,mais,maluco,outro
0,fiiiim,jogo,partida,truncada,novelli,junior,ituano,santos,nao,sairam,ituxsan
2,freela,menos,passa,aquarela
6,adivinha,quem,sou
5,tem,sensacao,melhor,alguem,chegar,dizer,acha,legal
5,redeglobo,nao,solteiro,esperando,vivian,bbb17,redebbb
0,bbb,manoel,maior,gerador,meme,que,brasil,respeita,redebbb,bbb17
6,vou,lavar,cabelo
3,socorroooooo
2,ueatila,sou,marcos,sozinho,carente
2,tem,varias,queria,compartilhar,mesmo
0,meu,sonho,conhecer,felipeneto,tomar,cafe,com,ele,sim,tenho,sonhos,bobos,deixe
0,walkerfamilybr,emily,nao,saiu,nao,vem,falar,foi,manipulacao,inves,ficar,votando,maioria,ficou,subindo,tag,dizendo
6,quando,tiver,namorado
0
0,eita,sera,que,negociacao,entre,lucas,barrios,gremio,tera,desfecho,positivo,centralfoxbrasil
5,novo,video,explora,criacao,dos,vestidos,bela,fera
5,segunda,atualizacao,windows,2017,confirmada,pela,microsoft
5,sempre,fui,sonhador,isso,que,mantem,vivo
5,kazim,maycon,viram,titulares,corinthians,contra,palmeiras,centralfoxbrasil
2,gigicomenta,emilly,ficou,nois,como
5,redeglobo,manoel,eliminado,com,5745,bbb17,redebbb
2,chega,memes,por,vou,dormi
2,taiismorenaa,ela,linda,demais,marimoon
0,crazyforr,quem,vai,com,emilly,ate,fim,independente,qualquer,coisa
2,vou,ser,obrigada,fazer,miojo
6,umpapeloficial,fique,offline
0,que,leva,ser,humano,colocar,quiabo,frango,muita,maldade
2,orgulhomarimoon,amo,esta,foto,lt3
2,gabriella,sendo,aleatorias,whats
5,orgulhomarimoon,muito,muito,mutio,linda,sem,comentarios
5,caicodequeiroz,vamos,colorir,esse,principio,tarde,semanaequipecq,personalidadecq
2,paulomace,marimoondiva,para,sempre
5,vaidesmaiar,milhoes,votos,recorde,dessa,edicao,bbb17
3,lovemarimoon
2,uma,setada,dauela,ervosa
3,lovemarimoon
0,lovemarimoon,meeeeeeeeel,deeeeeeeeels,amei,demais,nova,cor,cabelo,nossa,diva,marimoon
5,intedioso,essa,boca,deve,fazer,loucura,sim
0,amamos,roupas,inspiracao,moda,acessorios,lookdodia,look,tendencias,estilo,beleza
0,suposto,video,promocional,logan,pode,reunir,stan,lee,deadpool,wolverine
5,marimoonlook,mais,uma,foto,marimoon,baile,vogue,via
5,emillyaraujoof,tao,nene,vamos,cuidar,fechadoscomaemilly
5,marimoonlook,marimoon,kerlimusic,lindsayvvoods,samesjc,chemical,lt3
5,marimoonlook,samesjc,marimoon,kerlimusic,lindsayvvoods,chemical,via,teammarimoon
0
0,cocriador,mortal,kombat,fala,sobre,possibilidade,encontro,com,street,fighter
0,zagueiro,juventus,bateboca,com,treinador,cortado,duelo,champions,league
0,quando,chapeu,tao,bonito,que,zagueiro,levanta,braco,nao,sabe,que,fazer
6,tuitamands,que,pisao
0,cinemito,cartoes,para,dia,dos,namorados,filme,dos,power,rangers,voce,pode,personalizar,enviar,pelo,site
0,lucas,pratto,chegou,com,tudo,fez,gols,mas,tambem,levou,esse,chapeu
5,nova,hyundai,i30,wagon,revelada,antes,genebra
2,riridaimondis,estudar,forarebolar,dentro
0,cintyanogueira,livro,historia,chilli,beanspalestra,caito,maia,chili,beans,aqui,feira,empreendedor,sebrae
0,cintyanogueira,lenny,kravitz,para,chilli,beanspalestra,caito,maia,chili,beans,aqui,feira,empreendedor,sebrae
0,cintyanogueira,chilli,beans,for,hardcore,footwearpalestra,caito,maia,chili,beans,aqui,feira,empreendedor,sebrae
0,the,irishman,filme,martin,scorsese,com,robert,niro,palcino,deve,ser,comprado,pela,netlfix
0,cintyanogueira,palestra,caito,maia,chili,beans,aqui,feira,empreendedor,sebrae,2017feiradoempreendedor2017
0,cintyanogueira,palestra,caito,maia,chili,beans,aqui,feira,empreendedor,sebrae,2017feiradoempreendedor2017
0,cintyanogueira,palestra,caito,maia,chili,beans,aqui,feira,empreendedor,sebrae,2017feiradoempreendedor2017
0,cintyanogueira,kiko,semana,kikomilano,kikolovers,kikoloversbrasil,kikoloversbr,nailpolish,esmalte,makeup
0,cintyanogueira,madame,linha,gel,effect,hinodeoficial,geleffect,madamegeleffect,geleffecthinode,nailpolish,esmalte,htt
5,prnewswirebr,rpmanaus,atualizar,aclarissa,miltongeorgem,thesouthfacelat,cintyanogueira,prnpublishing,benedictussit,dianel
2,bbb,recadinhos,familia,redebbb,bbb17
5,maylaaraujoof,muito,obrigada,meus,amores,muito,obrigada,meu,deus,minha,maezinha
0,com,barrios,dracena,guerra,palmeiras,relaciona,nomes,para,derbi,itaquera
5,prnewswirebr,catuaba,aposta,discurso,alerta,carnaval,respeita,mina
0,usefashion,burberry,lfw,marca,inglesa,inova,sua,colecao,inverno,2018,vem,ver
6,nao,sei,acordo
7,vou,dormir
2,que,dor,nas,costas
5,slashante,ouvir,papa,roach,bom,demais,pra,destruir,emocionalmente
0,hoje,alvinegro,tem,algum,torcedor,botafogooficial,nao,consegue,nem,dormir,pensando,decisao,contra
5,minha,torcida,agora,por,amorimvivian,lt3
0,brunahamur,foraemilly,ficava,tempo,todo,nos,tts,berrei,quando,tiago,disse,subir,nao,ganha,votacao,ganha,bbb17
0,empresa,lanca,oculos,que,reduzem,cansaco,visual,causado,por,telas
0,fas,david,bowie,querem,homenagealo,com,monumento,tres,andares,londres
5,quarta,temporada,empire,tera,demi,moore,elenco
5,brubstuita,queria,afronte,igual,esse,nessa,prova,bbb17
5,kekeziinho,eai,vai,fazer,que,carnaval
2,netflixbrasil,comedia,conta,sim
5,andriar76848248,emily,tem,gente,casa,mais,falsa,que,emilly
5,range,rover,velar,tem,primeira,imagem,revelada,europa
0,john,wick,deveria,fugir,nova,york,terceiro,filme,diz,keanu,reeves
0,entrevista,uma,das,atracoes,lollapalooza,ceu,fala,sobre,tropix,seu,ultimo,disco,musica,sonoridades
2,blindspot,tera,participacao,ronda,rousey
5,lookdodia,moda,acessorios,tendencias,estilo,inspiracao,roupas,beleza,look
0,otrendsbrasil,fechadoscomaemilly,twitter,foi,tombado,amando,rapidamente,mudaram,assunto,outros,inventando,desculpas
5,thaiscitou,chegando,twitter,depois,tombar,hatersfechadoscomaemilly,bbb17
0,mundoreality,rejeitada,voltou,paredao,triplo,contra,casal,contra,todas,torcidas,vao,ter,respeitar,fechados
0,tuitaelena,isso,faz,esquecer,tive,provar,era,robo,placas,casas,fachadas,lojas,fechadoscomaemilly
5,kieelsillva,eles,agradecendo,que,lindos,bbb17,fechadoscomaemilly
6,idkjaxon,momento,fechadoscomaemilly
5,portrasdolimbo,bichinho,recebendo,foto,familia,lt333,bbb17
0,pariu,esse,cover,seria,1010,mina,nao,errasse,letra,mas,ate,agonia,ouvir,eyes
0,andrealmeidagon,raios,trovoes,tio,nino,vindo,tempestade,castelo,ratimbum,nostalgia
0,maxhpm,celeste,era,tao,grande,assim,castelo,ratimbum,como,gente,era,pequeno,hein
5,amelhorofertabr,castelo,ratimbum,tvcultura,libera,episodios,serie,youtube,acesse
5,zicalinks,castelo,ratimbum,todos,episodios,estao,youtube
0,ninguemerecewif,todas,cobras,conheco,fossem,como,celeste,mundo,seria,melhor,castelo,ratimbum
0
2,alo,davyjonesrj,pimbada,games,hojegtanoeigames
5,persona,convida,para,entrar,velvet,room,novo,trailer
5,novas,imagens,samsung,galaxy,tab,pintam,web
5,apple,compra,dominio,desativa,site,icloud,social,network
0,dia,gta,games,com,nada,mais,nada,menos,que,davy,jones,participe,com,gtanoeigames,que,cara
5,luiz,felipe,fala,dente,perdido,aproximacao,emilly,marcos
5,ally,brooke,esta,com,portugues,afiado
3,manoel
0,maravilhosa,ellen,jennifer,lopez,fala,sobre,drake,mostra,que,harry,styles,seu,crush
0,fofo,sheeran,esconde,mensagem,escrita,mao,para,vinil,novo,album,veja
2,bbb17,diaba,ficouuu,bbb17
0,muito,ansioso,pra,ver,davyjonesrj,jogando,gta,vai,comecar,gtanoeigames
0,especialista,esta,games,queremos,saber,gtanoeigameslt3,gta,vrt,gta,san,andreas
5,festa,vivo,casa,mais,vigiada,brasil
6,pimba,entendedores,entenderaogtanoeigames
0,pra,quem,nao,pode,ver,vem,pra,ver,davyjonesrj,jogando,gta,vivo
0,pimbada,pimbada,rolando,davyjonesrj,games,participe,com,gtanoeigames,apareca,vivo
0,rnavybrazil,rihanna,ainda,nao,apareceu,episodio,hoje,mas,novas,cenas,ela,passaram,promo,dos,proximos,episodios,batesmo
5,olha,nflzumbi,tirando,onda,novo,gtanoeigames
6,sabe,responda,gtanoeigames
6,pimba,chupchup,gtanoeigames
0,parece,que,davyjonesrj,criou,gta,incrivel,quanto,ele,sabe,jogo,pimba,gtanoeigames
0,pouco,pro,davyjonesrj,merece,1000,mencoes,ele,merece,muito,mais,participe,com,gtanoeigames
2,oicaioon,segue,uma,imagem,paz
5,letvalerio,sempre,conto,quantidade,horas,que,vou,dormir,inevitavel
5,dica,sabe,resposta,participa,com,gtanoeigames
5,omustafarypae,vamo,volta,pro,utero,vive,dificil
5,bill,lanca,video,inedito,para,vida,longa,veja
0,dulcetesbr,ator,rafael,vitti,curtiu,uma,publicacao,dulce,instagram,poetvitti
1,tpm,tpm,tpm
0,quase,1300,mencoes,gtanoeigames,davyjonesrj,merece,2000,vamos,chegar,pimba
0,fico,sem,palavras,pra,toda,composicao,paulo,puta,que,pariu
5,moda,lookdodia,look,estilo,tendencias,acessorios,beleza,inspiracao,roupas
0,voces,sao,davyjonesrj,merece,primeiro,brasil,vamos,continuar,gtanoeigames,quebrar,tudo
5,octavio,vai,falar,pimba,vivo,tenho,gtanoeigames
6,pimba,chegou,gtanoeigames
3,genio
3,gtanoeigames
4,pimba,pimba,pimba,pimba,pimba,pimba,pimba,pimba,pimba,davyjonesrj,gtanoeigames
0,fui,anjo,acusado,ter,confundido,outros,anjosmas,que,argumentos,teria,que,convenceriam,negar,criador
0,manoelroficial,pouquinho,carinho,muitos,voces,nosso,nenel,beijo,para,maylaaraujoof,uma,menina,ouro
2,este,tweet,esta,indisponivelvish,tem,tinha
0,gols,assistencias,nos,ultimos,jogos,tem,que,respeitar,cara
2,caiu,meu,pagamento,nubank
5,mass,effect,andromeda,ganha,trailer,focado,nos,personagens
5,quando,vem,estranho,rua,pedir,informacoes,querendo,encostar
6,fala,cmg,calor
5,essas,pessoas,que,somem,nada,sua,vida
0,klaus,pode,voltar,para,mystic,falls,ultimo,episodio,the,vampire,diaries
0,avisa,que,elea,vai,precisar,secador,mais,forte,libertadoresfoxsports
5,valehomossexual,coisas,que,fazem,nosso,dia,melhor
5,pear,jam,faz,cover,inedito,again,today,ouca,trecho
5,expressoepoca,serra,avisou,anibal,sobre,possibilidade,deixar,ministerio
5,uperturbada,espetacular,homem,aranha,2012,1522,rede,globo
0,atacante,michael,esteve,fluminense,para,fazer,primeira,avaliacao,apos,acidente,carro,sofrido
0,historinhaz,quadrinhos,gtgt,redeglobo,espetacular,homemaranha,veio,direto,dos,quadri,see,more
5,qual,celular,bombou,flopou,mwc,2016
0,46naggy,fallenmisery00,lagarto,filme,espetacular,homem,aranha,koopa,filme,horroroso,mario
2,multiversonews,paulada,gibi,espetacular,homemaranha
0,marvelvader,andrew,garfield,comenta,sua,insatisfacao,franquia,espetacular,homem,aranha
0,odiariodeumgeek,the,amazing,spiderman,rise,the,electroo,espetacular,homemaranha,ameaca,electro,2014
0,obscinema,espetacular,homemaranha,sony,admite,ter,cometido,erro,com,franquia
0,loiranoob,sinceridade,realm,queria,ver,felipeneto,jogando,until,dawn,hahaha
5,siriarah,espetacular,homemaranha,hqs,leitura,marvel,spiderman
5,projetoteioso,andrewgarfield,emmastone,espetacular,homemaranha,ameaca,electron
0,proibidoler,homemaranha,volta,lar,assista,espetacular,trailer,cabeca,teia,agora,legendadogt
0,quem,gosta
0,deixa,anotado,deixa,anotado,tambem,vai,ter,muuuita,maratona,are,you,the,one,brasil,tambem,durante,car
0,brasileiro,carlos,ghosn,deixa,nissan,para,fortalecer,renault,mitsubishi,uol
0,flamengo,tem,maracana,como,primeira,opcao,para,toda,primeira,fase,libertadores
2,caiu,ate,uma,lagrima,aqui
5,lovestomls,amanha,globo,vai,passar,espetacular,homem,aranha
5,cdecaneca,amigao,vizinhanca,esta,chegando,tntbr,filme,homemaranha
5,motivos,para,voce,comprar,xiaomi,plus
5,dont,wanna,live,forevercause,know,ill,living,vain
0,katyperry,chainedtotherhythm,video,out,peep,the,feast,for,the,eyes,amp,ears
0,novo,site,revende,livros,usados,pelo,preco,que,consumidor,escolher
5,dolfoda,namore,alguem,que,elogie,como,marcos,elogia,emilly
0,denymartins2015,primeira,vez,assisto,filme,espetacular,homemaranha,gostei,inovacao,netflixbrasil,netflix
2,dessaurach,entao,viva,putaria
0,nossa,tentar,dormir,com,monte,coisa,cabeca,pessimo,puta,que,pariu
0,bbb,brotp,desses,bicho,ilmar,diz,nao,abandona,marcos,redebbb,bbb17
2,virus,zika,afeta,testiculos,segundo,estudo
5,filmesxonline,espetacular,homemaranha,ameaca,electro
5,anegadobiba,vendo,essa,nova,atualizacao,whatsapp,beliebers,bestfanarmy,iheartawards
5,dados,moveis,brasil,ocupa,posicao,ranking,mundial
0,jbprojeto24hrs,mano,como,elas,nao,apaixonam,pqp,estou,olhar,essa,fotofastcar,bestcover,iheartawards
5,natalie,dormer,interpretara,alien,mass,effect,andromeda
5,como,evoluir,herois,rapidamente,for,honor
0,rafael,albuquerque,vai,criar,vilao,inedito,com,scott,snyder,allstar,batman
5,ayacomenta,emilly,marcos,oliveira,hartermarcos,fala,emilly,harter,bbb17
0,helena,gabriel,vivem,amor,proibido,aescravaisaura,fique,ligado,capitulo,desta,quintafeira
0,mais,enredo,inesquecivel,historia,botafogo,toca,musica,fox,sports,para,gatito
0,quem,lembra,joel,campbell,canhota,afiada,atacante,foi,sensacao,costa,rica,copa,2014
5,ministro,stf,apoia,bloqueios,judiciais,whatsapp
5,vivo,assista,desfile,inverno,2018,emilio,pucci
0,rnavybrazil,rihanna,sera,primeira,cantora,receber,premio,humanitario,universidade,harvard,juntando,icones,como,marti
0,bbb,com,qual,gato,bbb17,voce,daria,match,redebbb
0,benchmarks,amd,radeon,580,mostra,desempenho,highend,ashes,the,singularity
5,tendencias,estilo,inspiracao,moda,look,acessorios,lookdodia,beleza,roupas
7,claudialeitte,taquitaamusicadocarnaval
5,mercedesamg,anos,novas,series,para,c43,c63,uol
5,confirmado,arteon,versao,producao,sport,coupe,concept,gte,uol
5,testou,status,whatsapp,tire,suas,duvidas,aqui,uol
0,bbb,com,qual,gata,bbb17,voce,daria,match,redebbb
6,ueatila,fiz,errado
5,sera,que,pimpao,camilo,tao,felizes
5,fitbit,pagou,mais,barato,que,esperado,pela,pebble
5,barb4ro,edicao,ignorar,tudo,isso,vai,ter,panelaco,bbb
5,eugabimesma,muito,olho,gordo,bbb17,mally
5,expoente,trance,argentino,heatbeat,apresenta,brasil,marco
5,ttwitandu,quando,seu,amigo,comecam,rir,juntos
5,bandatribodejah,dia,0303,sextafeira,21h,tem,tribo,jah,sescsantoandre
0,sadplisetsky,vou,ganhar,audio,voz,crush,ele,acordar,vou,chorar,disse,por,onde
5,motivos,para,voce,nao,comprar,xiaomi,plus
0,heroi,gatito,dedica,vitoria,todos,lesionados,botafogo,grupo,muito,forte
5,festivais,que,sao,cara,carnaval,brasileiro
0,pesquisadores,robos,descobrem,que,copiar,mae,natureza,nem,sempre,melhor
5,ilmarmilgrau,ilmar,marcos,abandona,marcoskkkkkkk,bbb17
5,academicos,chora,console,nuuvem,comeca,sua,promocao,carnaval
2,narcimara1,minha,rainha,carnaval,salvador
3,eversmarquezine
5,woman,mesmo,women,desodorante,causa,discordia,risos
0,bbbfala,pensa,numa,inveja,retida,que,comeca,transparecer,roberta,bbb17
0,selecao,oficial,festival,cannes,2016,agarotadesconhecida,estreia,hoje,nos,cinemas
0,sao,paulo,multa,apenas,dos,veiculos,que,nao,pagam,pedagio
0,bbbvirtual,gosto,voce,muito,muito,voce,linda,gostosa,esperta,cuida,mim,inteligentechuva,elogios
0,novamente,meu,video,sai,box,olha,que,felicidade,que,eita,youtubebrasil
0,exawssta,queremos,paredao,triplo,porque,for,duplo,for,casal,protagonistas,vai,sair,voces,vao,perder,audienciapauta,obr
2,mexendo,whatsapp,hoje,kdmeustatusdowhats
0,bbb,casal,emilly,marcos,volta,pra,cama,deita,conchinha,estava,linda,ontem,redebbb,bbb17
5,goianodemx,carnaval,honda,disputa,prova,abertura,campeonato,goiano,motocrossyoutube
0,van,basten,exjogador,holandes,propoe,mudancas,para,copa,2026,uma,delas,seria,trocar,penaltis,pelas,deci
5,juziuzi,brasileiro,precisa,ser,estudado,msm,moralzinha
0,nova,nissan,frontier,sera,lancada,metade,marco,acesse,nosso,site,saiba,mais
2,maldtokakaroto,senhoras,senhores,internet
5,sexuaitouch,got,eyes,one,person,and,one,else,tbh
6,marlibastos3,entao,taentao
5,waze,planeja,lancar,servico,caronas,sao,paulo
0,video,esperto,site,brmx,roncadera,doistempos,areia,confira,brmx,motocross,moto,sand
0,video,esperto,site,brmx,roncadera,doistempos,areia,confira,brmx,motocross,moto
6,nunca,demais,lembrar
0,showrunner,legion,fargo,vai,comandar,ficcao,cientifica,com,reese,witherspoon
5,como,zipar,arquivos,pastas,windows,sem,precisar,baixar,nada
5,dicas,curtas,para,curtir,carnaval,com,estilo
5,david,haller,esta,apuros,teaser,quarto,episodio,legion
0,viu,checklist,fevereirovoce,confere,todos,lancamentos,mes,datas,banca,envio,assinatura,gtgt
0,jennifer,lopez,mandou,avisar,seria,incrivel,convidassem,pra,cantar,super,bowl,bom
0,com,fome,sede,isaura,desmaia,senzala,ajudada,por,outras,escravas,aescravaisaura
0,josue,expulsa,samara,sua,tenda,diz,que,nao,acredita,que,aruna,esteja,morta,aterraprometida
0,galera,para,tudo,confira,essa,nova,colecao,asw,racing,2017
6,ate,que,enfim
2,corinthians,separados,nascimento,sqn
5,ultimo,projeto,jobs,novo,campus,futurista,apple,estreia,abril
5,veja,capas,final,cavaleiro,das,trevas
0,odebrecht,deu,milhoes,para,andres,sanchez,caixa,dois,campanha,politica
5,writesagatha,olha,como,eles,sao,tao,lindinhos
2,craque,time,veste,8entao
5,sycondotta,essa,garota,uma,pestiiiiii,kkkkkkk
0,srtalycia,vivian,roberta,falando,que,jeito,que,emilly,danca,muito,sensual,que,ela,deveria,parar,bbb17
0,startup,usa,acelerador,particulas,para,fabricar,paineis,solares,mais,baratos
0,momentsbrasil,para,acreditar,que,esses,filmes,foram,indicados,oscarveja,moments
0,nacaobieber,fevereiro,fotos,justin,bieber,acapulco,mexico,alguns,diasbeliebers,bestfanarmy,iheartawards
0,star,wars,ultimos,jedi,pode,passar,por,refilmagens,proximo,mes
0,rumores,sobre,novo,nokia,3310,falam,mudancas,visuais,descartam,android
0,injustice,ganha,novo,trailer,mostrando,como,superman,volta,ser,uma,ameca
0,dez,gringos,que,brilharam,libertadores,mas,que,brasil,deixaram,desejar
0,conferencia,nacional,livre,comunicacao,saudeo,conselho,nacional,saude,vai,realizar,conferencia
0,philcoutinho,foi,eleito,melhor,jogador,brasileiro,atuando,europa,ano,2016,recebeu,premio,samba
0,luansantana,sera,gente,dorme,fica,acordado,ate,amanhecer,dia,opcao,hsuihduaudshi
5,volkswagen,comeca,produzir,nova,geracao,gol,depois,carnaval,uol
0,folha,governo,paga,youtubers,para,fazer,elogios,mudancas,ensino,medio
2,que,meme,define,sua,vida
5,nao,vejo,hora,mundial,comeca,nesta,sextafeiramxgp,motocross,brmx
0,porra,meu,whats,nao,atualizou,agora,mega,curioso,pra,ver,essa,atualizacao,carai,kkkk,kdmeustatusdowhats
0,nao,vejo,hora,mundial,comeca,nesta,sextafeiramxgp,motocross,brmx,losail
0,expressoepoca,sabia,risco,fuga,jorge,luz,solicitou,inclusao,nomes,interpol
2,tendo,que,esperar,porra,onibus
6,bbbearish,chega,choro,bbb17
6,quero,amor,assim
6,putz,velho,kkkkkkkkkkkkkkkkkkkkkkk
0,yondu,peter,quill,fazem,pose,nova,imagem,promocional,guardioes,galaxia,vol
0,banda,com,influencias,foo,fighter,artic,monkeys,calvet,lanca,video,reckless,night,veja
5,google,lanca,tecnologia,que,identifica,comentarios,maliciosos,noticias
5,expressoepoca,acordo,delacao,salva,empresario,ser,preso,blackout
6,estou,sem,assunto
0,casemito,esse,cara,jogando,brincadeira,cada,parabens,para,volante,realmadrid
5,jay,primeiro,rapper,entrar,hall,fama,dos,compositores
5,governo,empresas,unem,para,criar,projeto,brasil
0,barbaralobato,lavajato,empresario,foi,alvo,turbulencia,tbm,estava,mira,fase,deflagrada,escapou,pois,esta,nego
0,demetrinando,roberta,falou,vai,ser,alivio,emilly,sair,menina,falsa,sem,carater,ela,acha,direito,cobrar,amizad
5,sandero,logan,duster,duster,oroch,podem,ter,falhas,aperto,parafusos
0,neste,dossie,saude,voce,vai,ficar,por,dentro,todos,empecilhos,dificultam,busca,por,saude,dos
0,aproveite,clima,folia,incentive,pessoas,mais,velhas,soltarem,voz,recompensa,neuronios,tinindo
5,michelle,rodriguez,sera,uma,guerreira,ciborgue,alita,battle,angel
5,exoplaneta,descoberto,pela,nasa,celebrado,com,doodle
2,autoestima,emilly,contaminou,timeline
5,marcos,levanta,edredom,deixa,escapar,que,dormiu
2,professor,brasileiro,concorre,melhor,professor,mundo
5,tem,ser,humano,com,perfume,maravilho,aqui
2,nossa,gente,perfumada,tao
2,que,vontade,sofrendo,miami,agora
5,petkovic10,animo,galera,tudo,vai,melhorar,depois,copa,2014
5,acabei,comer,pensando,segundo,round,argh
2,hora,mais,esperada,almoco,lt3
5,compra,divisao,europeia,trara,ganho,rapido,diz,chefe,psa
2,lubatv,bom,diabundiabundinhaaaaaaaaaaaaaaaaakcapersonalidadebr,lubatv
0,btwart,gente,acorda,pra,vida,nao,quer,sair,cama
5,nemeunacausa,atualizacao,que,nos,queriamos,pro,whatsapp
0,poxathamis,atualizacao,mesmo,que,queria,whatsapp,era,musica,que,gente,ouvindo,aparecer,status,tal,qual,extinto,msn
0,yetz1,cair,luzvoltar,ver,que,seu,time,ganhando,4x5nao,tem,preco
2,katy,perry,critica,trump
0,mais,pamp,que,qualquer,outra,coisa,porque,queria,jogar,vem,conferir,que,danialvesd2,falou,sobre,seu
5,acessorios,roupas,estilo,lookdodia,moda,beleza,inspiracao,look,tendencias
5,smartphone,quantum,fly,comeca,ser,vendido,redes,varejo,brasil
0,the,chainsmokers,coldplay,lancam,parceria,maravilhosa,vem,ouvir,something,just,like,this
0,bebe,rexha,faz,medley,arrasador,got,you,say,name,destinys,child,vem,assistir
0,carlos,alberto,solta,verbo,apos,caso,racismo,paraguai,acusa,policia,local,negligencia
5,cartazes,alternativos,dos,indicados,oscar,2017
2,libera,desafio,manequim,spotify,tchann
5,brits,little,mix,abre,brits,com,perfomance,brits
2,zagueiro,deu,peixinho,chao
5,encontro,faltou,fantasia,gravida,taubate,encontro
5,charlize,theron,sera,uma,analista,cia,need,know
2,encontro,pabllovittar,queremospabllovittarnoencontro,pabllovittar
0,gboard,para,ios,ganha,recurso,digitacao,por,voz,novos,emojis
0,usavengers,tira,batman,topo,das,hqs,mais,vendidas,dos,eua
7,encontro,queremosromagaganoencontro
6,nem,mesmo,sei
2,queria,saber,que,acontece,comigo
0,dai,vejo,povo,postando,fotos,quando,cartao,chega,frustracao,volta,aaaaaaaaaaaaa
0,ainda,hoje,nao,perdoei,terem,aberto,minha,encomenda,quando,meu,nubankbrasil,chegou,tiraram,esse,prazer,mim,nem,embalagem
2,manda,nudes,nao,manda,sinal,netatende
6,rrtv,petkovic10,sei,nao
5,xiaomi,libera,trailer,promocional,pinecone,seu,novo,chipset
7,encontro,oooiie
5,nova,tecnologia,sony,vai,permitir,capturar,videos,960,fps
1,queremosromagaganoencontro
2,transgeneros,queremosromagaganoencontro,libera,geral,encontro
0,xuxameneghel,responde,comentarios,dos,seguidores,sera,sua,pergunta,foi,respondida,confira,canalx
5,rio,grande,norte,huol,amplia,atendimentos,fonoaudiologia
0,seis,razoes,que,explicam,por,que,rosa,inimiga,isaura,voce,lembra,mais,algum,motivo,aescravaisaura
0,torcida,gremio,pode,esperar,atacante,lucas,barrios,essa,torcida,palmeiras,responde
0,eba,olha,acabou,passar,pela,redacaoblade,esta,producao,previsao,lancamento,marco
0,katy,perry,como,poderia,fazer,uma,musica,dancante,enquanto,mundo,pega,fogo
4,flamengo,nacao,estamos,libertadores,mengoooo,mengoooo,mengoooo,mengoooo
7,que,demais
2,cade,bests,tag,encontro,queremosromagaganoencontro
0,nao,precisa,mandem,sinal,ultimo,mes,falei,mais,com,vcs,com,minha,mae,telefone,cansa
0,aaron,paul,vai,produzir,blood,amp,whiskey,serie,sobre,criador,marca,jack,daniels
2,angelina,jolie,rosto,mon,guerlain
0,como,usar,status,whatsapp,com,fotos,videos,que,somem,horas
0,pensando,fazer,uma,live,mas,com,medo,vivo,trollar
0,jose,padilha,vai,dirigir,adaptacao,livro,nao,ficcao,arc,justice
6,dor,cabeca,mil
0,rei,dos,desarmes,colecionador,craques,bolso,campeao,champions,league,casemiro,fica,mais,velho,nesta
5,thainabolada,queria,ficar,dormindo,tarde,toda,isso
5,isso,galera,depois,que,passar,carnaval,liberado
0,tatimantovani,estamos,por,aqui,hoje,tem,spursofficial,kaagent,espinterativo,palco,wembley
0,jessica,pearson,volta,suits,deve,ganhar,serie,derivada,focada,personagem
5,protagonistas,sense8,viajam,mundo,nas,fotos,temporada,confira
5,tripulacao,chega,outro,planeta,nova,foto,alien,covenant
2,esse,sol,chega,queima,coco
0,detalhe,que,esse,pato,era,urubu,ficando,idade,precisando,oculos
0,poetasflamengo,cbf,anuncia,cartao,verde,para,premiar,atitudes,fair,play,torneio
0,sadplisetsky,sabe,quando,pessoa,ama,mais,quando,ela,manda,audio,comendo
2,pequenino,coutinho,futebol,salao
0,maisasilva,denunciem,gente,pode,fazer,nojo,sinto,maior,tudo,ainda,tenho,esperanca,esses,monstros,sejam,pegos
0,damon,wayans,vai,estrelar,singularity,comedia,produzida,por,seth,rogen
3,goleta
0,hora,sao,paulo,tela,mais90,vem,gente,sua,opiniao,sobre,assunto,nossos,comentaristas,est
0,brains9,nova,sede,apple,ganha,nome,data,abertura,apple,park,abre,abril
0,viracasaca,alba,faz,lobby,por,isco,barcelona,bons,jogadores,serao,sempre,bemvindos
0,comecou,aalinediniz,ericoborgo,estao,discutindo,como,marvel,vai,adaptar,hqs,favoritas,dos,fas,para
5,que,tal,voce,cuidar,sua,vida,amiguinhoa
0,xiaomi,adianta,lancamento,miui,que,esta,disponivel,para,smartphones,redmi
0
0,hora,arquibancada,virtual,use,mais90,faca,parte,nosso,debate,tenha,sua,foto,tela,maxx,vivo
7,alvarodecampos,fernandopessoa
0,olha,bolao,quem,seu,favorito,oscar,deste,ano,vote,agora,nosso,especial,oscaromelete
2,duplinha,fraca,essa,viu
5,video,mostra,varios,detalhes,sistema,operacional,nintendo,switch
0,pratto,voando,sao,paulo,esta,pensando,copa,mundo,participe,gente,agora,usando,mais90
2,tomei,litro,cafe,hoje
5,roteiristas,primeiro,filme,continuam,deadpool,diz,ryan,reynolds
0,ucrania,festa,shaktar,segue,firme,europaleaguefoxsports,acompanhe,fox,sports,app,fox,sports
0,achando,viu,tudo,episodio,dessa,semana,are,you,the,one,brasil,liga,aqui
0,entre,calleri,lucas,pratto,quem,voce,teria,seu,time,debate,rolando,agora,maxx,voce,responde,usa
0,triste,pensar,maluco,doou,pra,jogador,mais,ganhar,ano,trabalhando
7,gracinha,hoje
2,bate,uma,depressao,leve
0,hora,arquibancada,virtual,use,mais90,faca,parte,nosso,debate,tenha,sua,foto,tela,maxx,vivo
0,quando,apoel,chipre,vai,eliminando,tradicional,athletic,bilbao,espanha,europaleaguefoxsports
0,aquele,momento,voce,liga,celular,pra,ver,horas,acaba,vendo,facebook,whatsapp,twitter,instagram,menos,horas
3,amoooo
0,arbitro,vitoria,vasco,sobre,flamengo,sao,januario,2016,leonardo,garcia,cavaleiro,vai,apitar,class
2,dor,barriga,banheiro,cagar,partiu
2,procurou,alguma,vez,hotel,internet
0,flamengo,ceara,jogaram,ontem,pela,primeira,liga,vem,com,gente,mais90,faca,parte,nosso,debate
5,kingston,lanca,pendrive,128gb,por,r260,brasil
5,tornese,uma,caneca,rolo,papel,higienico,novo,video,prey
0,jean,vasco,quando,pessoa,conseguir,conquistar,alguma,coisa,cima,ela,fala,ela,pode,falar,dec
5,que,dor,barriga,maravilhosa,partiu,cagao,estrago
5,podia,perdendo,meu,tempo,twitter,mesmo
6,tbhjuststop,wait,hold
0,carnaval,folia,cidadaniacarnaval,sinonimo,alienacao,contrario,diz,senso,comum,folia
5,veja,capas,final,cavaleiro,das,trevas
5,acontecendo,serie,castlevania,netflix,ganha,primeiro,poster
0,acaba,ser,inaugurado,servico,para,oferecer,informacao,qualidade,sobre,mais,diversas,doencas,raras
0,nosso,mtvpush,ragnbonemanuk,levou,premio,artista,revelacao,brit,awards,ontem,conhece,ele
0,hoje,tem,shakhtardonetsk,campo,pela,europaleaguefoxsports,partir,17hqual,desses,brazucas,mais,sau
5,capsula,spacex,chega,estacao,especial,internacional
2,alice,braga,sabedoria,cabana,via,youtube
0,chega,abril,boruto,anime,sobre,filho,naruto,ganha,data,estreia,japao
5,taketwo,forma,novo,estudio,com,criadores,bioshock
0,palmeiras,fez,bem,liberando,barrios,elenco,atacante,agora,vai,jogar,gremio,responda,com,mais90
0,alecsandro,barrios,quem,voce,manteria,seu,elenco,vem,com,gente,responda,com,mais90
0,bbb,irma,marcos,diz,quer,conhecer,emilly,garante,vou,tratar,como,irma,mais,nova,redebbb,bbb17
2,pode,marcar,quem,deixando,mao
0,league,legends,tera,evento,tematico,carnaval,com,foco,jogadores,brasileiros
2,que,vontade,tomar,acaiiiii
5,matt,reeves,muda,ideia,vai,dirigir,filme,solo,batman
5,bestretas,pra,voces,qual,melhor,youtuber
0,agora,mais90,errei,estou,aqui,para,assumir,publicamente,vitor,hugo,pediu,desculpas,para,pablo,pela,cotove
5,inspiracao,moda,acessorios,tendencias,lookdodia,roupas,estilo,beleza,look
5,buscazine,ela,imitando,ele,dancando,kkkkkkkkkkkk,bbb17
5,novas,cpu,ryzen,amd,surpreendem,prevenda,nos,eua
5,quando,aquele,seu,amigo,craque,tenta,inventar,dibre
5,roteirista,perdido,marte,demolidor,esta,escrevendo,deadpool
0,todo,anime,tem,aquele,personagem,cabelo,rosa,voce,nao,sabe,ama,odeia
0,que,video,que,sirva,como,motivador,pra,uma,arrancada,bacana
6,rickirodrigues,mas,igual
0,sesab,investira,milhao,reforcar,plantoes,hospitais,capital,baiana,durante,carnaval
5,ciborgue,confirmado,injustice,com,novo,trailer,gameplay
2,nova,venecia,seus,encantos
0,alecsandro,provoca,corinthians,vieram,com,tudo,porque,nao,tem,libertadores,pra,jogar
0,hora,arquibancada,virtual,use,mais90,faca,parte,nosso,debate,tenha,sua,foto,tela,maxx,vivo
5,segunda,era,serie,literaria,mistborn,saira,brasil,neste,ano
0,multiplayer,call,duty,infinite,warfare,estara,graca,steam,ate,domingo
2,resumo,classificacao,botafogo,sobre,olimpia
0,olha,cara,toyota,chr,suv,compacto,chegou,lojas,australia,nesta,quinta,pelo
0,olha,cara,toyota,chr,suv,compacto,chegou,lojas,australia,nesta,quinta,pelo
0,olha,cara,toyota,chr,suv,compacto,chegou,lojas,australia,nesta,quinta,pelo
0,nao,voce,deu,pilha,pra,forcar,isso,por,duas,semanas
0,classificado,com,placar,ajax,fez,necessario,para,avancar,oitavas,europaleaguefoxsports
2,muito,cansada,preciso,uma,massagem
2,comercial,alemao,viraliza,abordar,obesidade
0,agora,tudo,sobre,classificacoes,atletico,paranaense,botafogo,libertadores,mais90,participe,com
1,sono,muito,sono
5,sabado,feliz,tranquilo,pra,voce,vidaesaudent,tvnovotempo,salmos
5,moto,plus,modulos,para,moto,esperar,motorola,mwc
0,michelle,rodriguez,atirador,elite,troca,sexo,primeiro,trailer,the,assignment
5,mensageiro,inteligente,google,allo,esta,caminho,desktop
5,aconteceunasaude,nova,politica,reduzira,riscos,relativos,seguranca,informacao,sus
0,sabe,nada,falcao,marque,seu,amigo,que,seria,pato,craque,futsal
0,quando,uma,camera,com,funcao,noturna,tao,indispensavel,quanto,sua,blusapreferida
2,aaaaaaaaaa,cade,tweets,porra
0,box,honda,sensacional,primeira,etapa,mundial,mxmxgp,honda,hrc,brmx
5,sesinforma,coletivo,blocos,saude,mental,leva,alegria,taguatinga,veja
0,lewyofficial,melhor,que,luissuarez9,benzema,olha,polemica,passando,pela,sua,timeline
0,carnaval,saudavel,nutricionista,das,famosas,monta,cardapio,salvavidas,para,folia
7,comecou,trocatroca
0,jbc,deseja,bom,carnaval,uma,otima,leitura,mangas,neste,feriado,para,todos,leitores
5,resumo,semana,for,honor,horizon,zero,dawn,foram,destaques
0,bryce,dallas,howard,divulga,foto,anuncia,comeco,oficial,das,filmagens,jurassic,world
0,nos,amamos,inspiracao,lookdodia,look,roupas,beleza,tendencias,acessorios,estilo,moda
0,visitamos,museu,intel,veja,como,feito,chip,conheca,historia,empresa
0,estampa,abacaxi,moda,pegou,loja,rvinte,mart,loja,quer,comprar,entre,contato
5,uol,contra,confusao,corinthians,poe,hashtag,camisas,gabriel,maycon
0,ltskermit,cute,things,call,your,girlfriend1,sugar2,honey3,flour4,egg5,butter6,stir7,pour,into,pan8,preheat
5,conta,privada,instagram,dez,coisas,que,voce,precisa,saber
0,curioso,para,saber,quem,vai,levar,oscar,2017,acompanhe,nossa,live,amanha,partir,das,20h30,oscaromelete
0,melhores,semana,iphone,iphone,saiba,como,provavelmente,serao,novos,smartphones
0,bom,dia,viu,henshin,online,semana,com,cdz,kanzenban,assinaturas,fort,apocalypse
5,ursula,descobre,segredo,pai,promete,vinganca,aterraprometida
5,leoncio,ameaca,queimar,isaura,com,ferro,quente,aescravaisaura
0,tem,gente,seguindo,mesmo,agora,vou,ter,fazer,kkk
0,revista,norteamericana,billboard,esta,com,uma,enquete,para,eleger,rainha,carnaval
0,manutd,fez,baita,video,contando,caminho,ate,final,copa,liga,inglesa,neste,domingo,sensacion
2,eita,cusao,primeiro,passo
2,quando,voce,sente,orgulhosa
5,fernanda,tavares,brilha,como,musa,aguia,ouro,carnaval,2017
2,vontade,nem,colocar,minha,foto
5,louco,enjoo,das,minhas,fotos,muito,rapido
6,rinite,odeio,velho
5,como,criar,postar,gif,status,whatsapp,para,iphone
0,carnaval,mas,bola,nao,pode,parar,rolar,copadobrasilfoxsports,espanholfoxsports,alemaofoxsports
0,gambit,deve,comecar,filmagens,ate,comeco,2018,diz,simon,kinberg
5,mais,estudo,vem,acender,polemica,das,dietas,sem,gluten
5,carnaval,cuidado,para,nao,lesionar
0,que,esperar,mwc,2017,huawei,p10,novo,blackberry,mais
2,pikachumorley,prettiest,thing,ive,ever,seen
3,horanmafiosa
2,loloamp,marcos,oliveira,harter,vem
0,jdbvotehelp,started,with,this,year,old,boy,who,wanted,make,his,dream,reality,thats,exactly,what,did,beliebers,bestfanar
2,preparando,pra,guerra,ninja
0,boladonadopop,concordoooo,perfeitamente,com,emilly,nao,tenho,penado,ninguem,ali,bando,maldososestou,fechada,com,mar
5,ayacomenta,emilly,cuidando,marcos,passando,pela,sua,timeline,bbb17
5,lulaeuteamo,ele,cuida,dos,outrosmas,tambem,cuida,dele,mesmo
2,raflita,picinho,cuidando,boy
5,loloamp,marcos,meu,aqui,dentro,fora,emilly,harter
3,badjustinpics
0,strongzou,pessoas,gostam,mais,comentar,sobre,emilly,protagonista,entendo,bbb17
3,badjustinpics
7,demonio,sexual
0,aquivirgem,virgem,quem,sabe,vida,seja,assim,mesmo,tem,dias,que,voce,acha,que,tudo,vai,acabar,dias,que,voce,quer,que,acabe
0,rfragosoei,academia,futebol,manha,borja,sera,apresentado,sera,tem,dois,gols,hoje,ele
5,emanalise,segue,imagens,marcos,secando,vivian,bbb17
0,nos,adoramos,estilo,tendencias,moda,look,acessorios,beleza,lookdodia,inspiracao,roupas
5,sycondotta,misssssericordia,kkkkkkkkkk,chorei,nessa,parte,bbb17
5,andress75825555,quem,nem,pensa,trabalho,que,dao
0,daqui,pouco,relacionado,para,pegar,ferroviaria,borja,sera,apresentado,pressas
2,uma,mitada,uma,mitada
0,muitos,destaques,tela,app,encantador,sevilla,bayern,juve,trocacao,boxe,sabado,fox,sports
0,cores,carnaval,bom,dia,brasil,sheratonrio,letoilerio,sheraton,grand,rio,hotel,amp,resort
5,sycondotta,dao,trabalho,danado,mas,gente,ama,bbb17,mally
0,caprichelandia,marcos,agarrando,ems,frente,todos,fui,que,pedi,sim,bbb17
5,pjtcastor,meus,tres,preferidos,tomando,cafezinho,bbb17
0,pjtcastor,tao,falando,que,foi,engracado,ferinha,com,balde,bebida,kkk
5,manaemilly,desculpa,minha,camera,nao,foca,falsos,bbb17
7,dolfoda,perfeitos
6,bom,dia,familia
2,dolfoda,segura,caiu,tudo
5,giucomenta,marcos,imitando,cara,emilly,ato,socorro
0
0,niqueplum,torco,pra,menina,ciente,megalomania,dela,nao,falando,perfeita,hora,nenhuma,pra,ser,sincera,sempre,gostei,mais
5,sayaclassicaloid,egenero,comedia,musicauploader,sayasinopse,kanae,sosuke,sao,dois,estudantes,que
6,bom,dia,pessoal
0,viva,carnaval,para,evitar,ressaca,melhor,dica,nao,exagerar,consumo,bebida,alcoolica,alem,disso,nao,esqueca,beber,agua
2,dolfoda,isso,coisa,mulher,apaixonada
0,acho,que,estou,envolvido,diz,nicholas,hoult,sobre,novo,filme,dos,xmen
0,saiba,como,misturar,fotos,uma,com,photoshop,mix,android
5,lista,relembra,dos,piores,jogos,dos,transformers
0,aproveite,carnaval,seu,jeito,seja,com,confete,uma,viagem,importante,divertir,desafiepadroes
0,sabia,horas,depois,parar,fumar,pulmoes,funcionam,melhor,curta,carnaval,saude
0,hoje,tem,legiao,craques,vai,entrar,campo,vai,perder,veja,tela,app
5,confira,primeiros,detalhes,tecnicos,fort,apocalypse,gtgt
5,frisado,vez,atualize,cabelo,hit,dos,anos
0,bbbonenho,marcos,pediu,para,emilly,blindar,relacionamento,ela,blindou,demais,disse,ninguem,ira,conseguir,separalos
2,pelo,menos,ela,feliz
2,walkerfamilybr,amanha,tem,twd,amem
0,geisy,arruda,deve,ter,feito,pacto,capeta,tipo,dou,grana,mas,vai,passar,vergonha
0,fuckshenri,elis,emilly,nao,falo,mal,voce,pra,ninguem,nao,aceito,ninguem,falar,mal,voce,pra,mim,socorro
5,seja,com,menino,brilha,qualquer,jeito
0,niqueplum,sobre,emilly,gente,sacou,ela,tem,problemas,gente,precisa,trabalhar,isso,mas,gente,gosta,diverte,mesmo
0,rfragosoei,snapgram,espinterativo,flagrou,borja,felizao,estar,filho,sala,coletivas,palmeiras,bonita
0,rfragosoei,borja,esta,sala,coletivas,palmeiras,borjinha,colo,ele,aguarda,horario,sua,apresentacao,meio
5,boladonadopop,marcos,precisa,deve,ser,proximo,lider,mentalizem,pessoalbbb17
0,demetrinando,emilly,ela,teve,grana,pra,ser,miss,manauselis,misszericordia,gritei,com,elis,hahahahah,bbb17
0,demissao,ranieri,atual,campeao,premier,league,eleito,melhor,tecnico,pela,fifa,causou,comocao,mundo
0,rfragosoei,comeca,apresentacao,borja,borjinha,palmeiras,gerente,cicero,souza,quem,apresenta
5,dolfoda,nao,pro,meu,homem,meu,homem
0,carnaval,2017,looks,das,famosas,nos,bloquinhos,rio,janeiro
0,bbbrincs,emilly,uma,delicia,relacao,dela,com,marcos,muito,feliz
5,novojeansouza,muita,pressao,pra,pouca,idade
0,com,ataque,inedito,corinthians,enfrenta,mirassol,pode,quebrar,jejum,sete,meses
7,legendhim,heartbreaker
0,derekkmt,emily,deitou,ele,vamu,meu,amorvamu,benzinhuuontem,tomamos,banhooutro,quer,nem,saber
2,rfragosoei,borja,apresentado,palmeiras
0,rfragosoei,borja,veste,aposentada,camisa,ele,usara,numero,libertadores,para,outras,competicoes,sem,restricoes,numer
6,dolfoda,tremi,base
5,lariscomenta,marcos,porque,voce,tao,ciumenta,picinhohahahahahahahahaahaha
2,brwninh4,acordo,com,eles,assim
2,rachelfarmm,nao,vao,destruir
0,comentadorbbb,ilmar,ser,humano,que,continuo,respeitando,elis,toma,vergonha,sua,cara,brasil,sabe,que,sabe,bbb17
6,legendhim,morrendo,kkkkkkkkkkkkkkkkkkkk
0,caprichelandia,marcospicinho,por,que,voce,tao,ciumenta,falou,ciumes,bbb17
5,sescosasco,cantora,marinadelariva,apresentara,sescosasco,dia,1103,20h,ingressos,site
5,derekkmt,marcos,vem,picinhopq,tao,ciumentaemily,nao,sou
0,derekkmt,marcos,pincinho,tem,ciumes,ate,nem,existeemily,tem,respeitar,minha,presenca,falar,mulheres,marcos,podi,ser
0,tuitavini,marcos,quer,esquecer,elis,ela,passou,informacao,cuidado,vingancaemilly,jamais,porem,prefiro,ieda
0,godoiisa,amo,abrir,quem,fazendo,aniversario,pra,ver,baloezinhos,subir
5,acordei,fui,arrumando,casa,entao,deu,tempo,agr
2,tomando,cafe,1130,mesmo
5,pao,com,queijo,uma,das,maravilhas,mundo
0,eubruh,marcos,perguntando,momento,foi,isso,emilly,disse,quando,estava,dormindo,ele,podia,posso,deixa,sozi
0,firtqueen,marcos,realmente,vai,dar,anjo,pro,ridiculo,romulo,bbb17
2,como,criar,enquetes,facebook
0,sabe,tudo,sobre,oscar,mostre,seu,conhecimento,cinefilo,nosso,quiz,especial
0,google,explica,por,que,contas,foram,desconectadas,sem,motivo,aparente
0,mistica,camisa,alviverde,foi,marcos,gabriel,jesus,tem,novo,dono
3,nerdsarewin,bbb17
5,rhafaela5,emilly,como,voce,incrivel,meu,amor
5,caprichoreality,napaula,que,lacre,viadaaaa,apminerato
0,bbborjao,problema,sao,coisas,falam,problema,emilly,todo,mundo,faz,merda,ali,mas,unica,condenada,emil
5,bola,rolou,para,bayernmunchen,hamburgersvdivirtase,com,narradorsilvajr,diferenciado
5,tem,torcedor,atleticomg,olho,douglas,santos,entao,alemaofoxsports
2,melhores,apps,semana,para
0,realityzando,emilly,dizendo,vai,colocar,ieda,paredao,com,justificativa,dar,susto,nela,kkkkkkkk,bbb17
2,minha,taxa,gracinha,pra,hoje
3,anniknordeste
0,torcida,gremio,tem,tricolor,saudade,walace,fera,esta,campo,agora
0,demetrinando,irma,emilly,marcos,preferem,dois,sozinhos,mas,dizia,marcos,blinda,relacao,relacao,vcemill
0,real,cuide,tem,sevilla,campo,contra,ameacado,betis,veja,fox,sports
0,lariscomenta,marcos,mostrando,habilidade,dele,assoprar,constantemente,emilly,como,voce,incrivel,meu,amor,hahah
0,dolfoda,emilly,nao,interessa,sou,mais,linda,nao,sinto,amem,autoestima,adoro
5,moda,inspiracao,lookdodia,roupas,look,acessorios,tendencias,estilo,beleza
7,sucrilha,morta
0,pradelicia,emilly,contando,pro,marcos,tudo,elis,falou,pra,ela,festa,ontem,enquanto,ele,dormia,adoro,bbb17
5,quem,vai,levar,melhor,rodada,alemaofcbayern,hsv
0,estou,perto,unificar,cinturoes,diz,campeao,deontay,wilder,antes,defesa,titulo
0,dolfoda,marcos,voce,podia,elogiaremilly,mas,elogiei,voce,falou,obrigado,socorro,hahahaha
5,maaybarros,quando,lembram,que,feriado,prolongado
0,muller,fez,pivo,serviu,vidal,experimentou,fez,foi,primeira,finalizacao,bayern,para,bavar
0,bbbonenho,sobre,elisque,horas,foi,isso,marcos,tava,dormindo,emilly,tinha,ser,nao,pra,deixar,sozinha
0,goooooooooooooool,fcbayern,kingarturo23,recebe,entrada,area,abre,placar,contra,hsv,1x0
0,toca,musica,fox,sports,gooooooollllll,bayern,vidal,abre,placar,bayern,munchen,hamburger,alemaofoxsports
5,tenho,que,lavar,cabelo,mas,preguica,define
6,giucomenta,beijao,desses
0,gooooooooooooooooooool,fcbayern,artilheiro,lewyofficial,penalti,para,ampliar,contra,hsv,2x0
0,toca,musica,fox,sports,bola,lado,goleiro,outro,lewandowski,amplia,bayern,munchen,hamburger,alemaofoxsports
0,rhafaela5,emilly,ela,bonita,naturalmente,toda,delicada,ela,tem,corpo,sobre,medida,bonito,emilly,mais,bonita,ali
5,penalti,para,bayern,lewa,bola,alemaofoxsports
0,eliseu,padilha,casa,civil,mais,ministro,temer,precisar,afastar,cargo,por,denuncias,corrupcao
5,tudo,encaminhado,para,bayern,golear,mais,uma,vez,alemaofoxsports
0,matador,lewandowski,marcou,seu,17o,gol,empatando,artilharia,alemaofoxsports,com,aubameyang,modeste
5,esta,vamos,jogar,ultimate,team,easportsfifa,participe,com,fifanoeigames
0,mrancelotti,completou,hoje,1000,jogos,como,treinador,sera,ganhou,alguma,coisa,carreira,arte,bruk
5,como,encontrar,sugestoes,amizade,facebook,pelo,messenger
0,cress,williams,hart,dixie,vai,protagonizar,serie,raio,negro
2,blocos,carnaval,entram,rota,google
0,viola,davis,rainha,mesmo,sem,ainda,levar,premio,oscar,atriz,fez,historia,confira,com,skybrasil
0,holder,comecou,chegar,nas,bancassaiba,mais,assinatura,onde,comprar,online,gtgt
5,mara,denuncia,raabe,mas,josue,discorda,confio,plenamente,nela,aterraprometida
0,leoncio,amordaca,isaura,mas,escrava,nao,cede,jamais,serei,sua,por,vontade,propria,aescravaisaura
0,fernandinhadort,dificil,pra,gente,imagina,pra,quem,ficar,esperando,emilly,falar,alguma,merda,pra,ter,comentar,bbb,kkk
2,carnaval,como,que,carnaval,sabadocomtsunamisdv
0,certeza,madridistas,torcerao,pelo,real,betis,escolha,seu,lado,torca,fox,sports,bola,rola
0,tudo,pronto,para,comecar,betis,sevilla,derbi,andaluzia,historia,voce,tela,fox,sports
0,seis,dicas,para,curtir,carnaval,facebook,instagram,sem,dor,cabeca
2,rio,janeiro,vai,tremer
5,segue,cenas,cristiano,derrota,para,valenciacf
0,esse,timaco,nosso,ultimate,team,kkkkkkkkkkkkk,vamos,marcelo,acreditamos,voce,fifanoeigames
5,ouvi,artilheiro,alemaofoxsports,toca,pro,pai
5,gooooooooooooool,fcbayern,artilheiro,campeonato,alemao,lewyofficial,crava,mais,terceiro
0,toca,musica,fox,sports,gol,bayern,lewandowski,esse,cara,outro,mundo,bayern,hamburger,alemaofoxsports
5,primeira,dica,dia,sabe,resposta,comente,fifanoeigames
0,doidadobbb,emilly,questao,beleza,voce,homem,mais,bonito,que,relacionei
0,realbetis,estos,son,los,once,guerreros,que,buscaran,hoy,victoria,diadebetis,elgranderbi
5,sevillafc,once,del,sevillafc,ante,realbetis,vamosmisevilla,elgranderbi
5,qual,seu,modo,jogo,preferido,fifanoeigameslt3,jornadart,ultimate,team
5,galera,que,fica,cima,muro,ganhou,enquete,alemaofoxsports
0,vasco,esclarece,veto,escalacao,luis,fabiano,classico,contra,nao,era,momento,ideal
5,mais,gol,vai,virar,chocolate,fifanoeigames
6,goooooooooooooool,finalmente,fifanoeigames
0,fim,tempobaile,allianz,arena,dois,lewandowski,bayern,vai,vencendo,hamburger,por
0,betis,sevilla,comecou,divirtase,com,gustavovillani,felipe,facincani,estagiario,use,tag,participe,espanholfoxsports
0,vaidesmaiar,elis,pra,emilly,ieda,botou,casa,toda,contra,voce,por,pura,inveja,bbb17
5,espetacular,marchinha,carnaval,mario,rolando,games,fifanoeigames
5,instagram,libera,publicacao,fotos,videos,brasil
0,tecnicos,estao,roubando,cena,nesse,espanholfoxsports,qual,deles,tem,feito,melhor,trabalho
2,isso,mesmo,velho,lobo,letras
5,enpobre,dia,aberta,ficou,literalmente,aberta,carnavalnaredetv,globeleza
0,sinnerluan,casais,que,amam,muito,estao,mais,apaixonados,que,nunca
0,acabei,diz,patrick,stewart,sobre,interpretar,professor,xavier,xmen,anunciando,aposentadoria,franquia
0,intervalo,jogo,fcbayern,vai,levando,melhor,contra,hsv,por,3x0,gols,kingarturo23,dois
0,olha,eles,mais,mencionaram,fifanoeigames,estao,aqui,heloisapiuma,nflzumbi,gabrielmaca9,tirando
0,tuitavini,elis,falou,pra,emy,daniel,tem,inveja,marcos,pela,vida,profissional,por,ele,emilly,socorro
3,upsidwdown
5,confira,chegada,joao,gui,carnaval,salvador,veja
2,segunda,dica,tela,fifanoeigames
2,chegando,com,refrii,rapaziada
5,peugeot,instinct,concept,nova,proposta,estilo,marca,francesa
2,numeros,primeiro,tempo,alemaofoxsports
5,minecraft,naruto,shippuden,batalha,chunin,sky,via,youtube
5,league,legends,ganha,evento,carnaval,com,icone,para,anivia
0,freddie,highmore,bates,motel,vai,estrelar,serie,medica,criador,house
0,faca,teste,revista,superinteressante,descubra,voce,conhece,nao,reais,efeitos,das,bebidas
5,melhor,bloco,carnaval,que,voce,respeita
7,bielpaulista,fifanoeigames
5,portrasdolimbo,senhoraa,senhora,estava,deitada,colo,quemsenhoravolta,aquisenhora
6,adyssonlucas,goooool,fifanoeigames
0,ingridgasparch2,fifanoeigames,esporte,interativo,melhor,canal,jornalismo,esportivo,simplesmente,demais
5,guilher80411828,fifanoeigames,melhor,canal,esportes,games,estou,errado
0,pandakawaiitm,espinterativo,fifanoeigames,ferrantiniei,melhor,programa,games,mundo,curto,muito,games
0,gabrielmaca9,fifanoeigames,quero,ficar,primeiro,mais,nao,vou,conseguir,hahshahahahs
0,rodrigobuenofox,intervalo,bayern,hamburgo,nos,ultimos,jogos,entre,eles,munique,teve,duas,vezes
5,butiaurinah,nunca,deixem,esse,video,morrer,kkkkkllljkkkkkkkkkk
0,quem,comemora,aniversario,neste,sabado,2502,aravartanian,designer,joias,responsavel
5,olha,renanbaumgartne,chegando,com,porta,fifanoeigames
0,laydmaxix,homem,bonito,relacionei,bonito,fato,mas,homem,sociedade,gosta,meus,sao
0,5hfeats,primeiro,dia,deles,juntos,marcos,tenta,ficar,emilly,ainda,tem,gente,diz,ele,jogavam,separados,bbb17
5,beleza,tendencias,moda,roupas,inspiracao,estilo,look,acessorios,lookdodia
0,neuer,voou,encaixou,bola,boa,sem,gracinha,moda,antiga,rapaz,segundo,rodrigobuenofox,foi,uma,defes
0,vamos,galera,estamos,apenas,com,meta,para,desbloquear,conteudo,exclusivo,youtube,precisamos,mais,fifanoeigames
0,caumomila,voce,shippa,mally,aqui,pra,ver,quantos,somos
5,marcelo,voce,esta,nivel,facil,nao,engane,fifanoeigames
0,vem,eles,novo,gooooooooooooooooooool,fcbayern,davidalaba,faz,quinto,contra,hsv,5x0
0,lewandowski,roubou,lance,douglas,costa,fez,seu,19o,alemaofoxsports,isolooooou,artilharia
0,dolfoda,emilly,mas,aqui,aparencia,marcos,quero,esta,bonitamarcos,aparencia,dentro,que,importa,que,homem,lt3
0,gooooooooooooooool,fcbayern,hattrick,dele,amigo,lewyofficial,amplia,contra,hsv,4x0
0,toca,musica,fox,sports,lewandowski,faz,terceiro,dele,quarto,bayernagora,sobre,hamburger,alemaofoxsports
6,dica,tela,fifanoeigames
0,toca,musica,fox,sports,gol,dos,bavaros,perca,conta,alaba,faz,quinto,bayern,hamburge
5,cara,com,dedo,nervoso,filho,renanbaumgartne,voando,fifanoeigames
5,model,comecara,ser,fabricado,julho,deste,ano,garante,tesla
0,atencao,especial,quando,converse,manda,tenis,corrida,porque,sabe,seus,gostos
5,vamos,querer,galera,meta,batida,participem,mais,com,fifanoeigames
6,ueatila,fiz,errado
5,ueatila,quero,nao,possoposso,nao,quero
0,para,nao,errar,bolao,analisamos,quem,deve,levar,oscar,neste,domingo,oscaromelete
2,gol,betis,real,barcelona,espanholfoxsports
0,toca,musica,fox,sports,gol,betis,falta,donos,casa,saem,frente,betis,sevilla,espanholfoxsports
0,gooooooooooooooool,fcbayern,coman,veio,banco,tambem,deixou,dele,nao,perde,contas,nao,sexto
0,dangerousindie,problema,emilly,problema,sao,voces,tomem,pouco,semancol,problematizam,tudo,ela,faz,deixa
2,alguem,diz,ama,pfv
0,toca,musica,fox,sports,coman,faz,mais,pena,kkkkkkkbayern,munchen,hamburger
0,queridojeito,vida,era,muito,mais,simples,quando,tinha,seis,anos
6,betis,sevilla,espanholfoxsports
0,das,maiores,escolas,samba,rio,sampa,tentaram,patrocinio,pela,lei,rouanet,quantas,conseguiram
5,voces,desbloquearam,aqui,esta,conteudo,exclusivo,nosso,youtube,fifanoeigames
0,estagiario,cansado,fazendo,tempo,real,imagina,narradorsilvajr,narrando,esse,vareio
0,toca,musica,fox,sports,coman,novo,bayern,munchen,hamburger,alemaofoxsports
0,nao,virou,passeio,virou,excursao,7x0,gooooooooooooool,fcbayern,coman,novo,aumenta,goleada,contra
2,resposta,password,hoje,fifanoeigames
5,novo,skoda,yeti,flagrado,sem,camuflagem,republica,tcheca
0,peter,capaldi,destroi,tudo,primeiro,teaser,seu,ultimo,ano,doctor,who,assista
5,serie,solo,america,vai,comecar,veja,primeiras,paginas
0,intervalo,jogo,chelseafc,vai,empatando,1x1,com,swansofficial,premier,league,blues,vao,conseguir
0,melhores,semana,lancamentos,previstos,para,marco,netflix,herois,marvel,vampiros
5,como,compactar,gifs,pesados,reduzir,para,compartilhar,internet
0,henshin,apresenta,esta,volta,com,saintia,sho,serie,mais,nova,universo,cdz
0,destaque,atleticomg,marcos,rocha,vira,alvo,sporting,por,que,estuda,negociacao
0,como,seria,bom,ter,visto,esse,cara,jogando,uma,copa,mundo
2,voce,disse,artilharia,arte,bruk
0,quando,estagiario,fazendo,tempo,real,bayern,resolve,fazer,sete,hamburger,alemaofoxsports
5,caralho,mina,tem,143,melhor,amiga
5,fim,primeiro,tempo,betis,sevilla,gol,durmisi,espanholfoxsports
5,blackberry,keyone,mercury,especificacoes,vazam,antes,lancamento,mwc
0,the,best,beauty,moments,from,london,fashion,week,fall,2017,voguemagazine
0,gooooooooooooool,fcbayern,arjenrobben,faz,oitavo,voce,nao,leu,errado,oitavo,contra,hsv,8x0
0,nao,leve,mal,hoje,carnaval,divirta,mas,nao,esqueca,camisinha
6,treinos,comecam,14h30
5,folia,fit,pular,carnaval,queima,calorias,pede,menu,leve
5,estagiario,mario,zelda,que,comece,treta
0,relembre,outras,figuras,importantes,governo,temer,atingidas,pela,lava,jato,antes,padilha
2,nao,vai,ter,ufa,alemaofoxsports
0,toca,musica,fox,sports,robben,faz,oitavo,dos,bavaros,bayern,hamburger,alemaofoxsports
0,ator,lost,teria,sido,contratado,para,inumanos,mas,nao,disseram,quem
0,mourinho,coloca,pratica,operacao,neymar,que,pode,custar,ate,8185,manchesterunited
0,fora,bayern,show,lewandowski,companhia,bavaros,atropelaram,time,douglas,santos,walace
6,yaslyra,amo,nene
5,como,que,gente,fica,naquele,fut,poscarnaval
0,anotou,placa,fcbayern,atropelou,hsv,com,hattrick,lewyofficial,coman,gols,davidalaba
5,como,simular,efeito,blur,desfocar,uma,foto,paint,windows
0,goooooooooooooool,chelseafc,pedro,coloca,blues,frente,placar,novamente,2x1,contra,swansofficial
5,primeiras,imagens,proximo,episodio,the,flash,mostram,personagem,misterioso
0,vila,capanema,sera,palco,decisao,pela,copadobrasilfoxsports,parana,recebe,bahia,jogo,vida,morte
5,shawnmendesbra,shawn,posando,para,fotos,aeroporto,japaojfcshawnmendes
2,beberexha,going,sleep,with,makeup
2,naosejatrouxa,ate,parei,rir
0,aquigemeos,gemeos,demoro,enxergar,lado,ruim,das,pessoas,mas,depois,que,enxergo,elas,podem,chorar,sangue,que,conven
6,primeiras,baterias,foram
5,shawnmendesbra,shawn,via,instagram,story,jfcshawnmendes
5,shawnmendesbra,video,shawn,desembarcando,aeroporto,japaojfcshawnmendes
6,viitoriabg,ueatila,amo
5,shawnmendesbra,video,shawn,atendendo,fas,aeroporto,japaojfcshawnmendes
0,demilovatobr,rumor,essas,podem,ser,algumas,das,musicas,estarao,foi,publicado,nome,uma,pequena,descricao,cada,uma
0,este,video,interativo,fara,voce,aproveitar,carnaval,sem,correr,risco,pegar,uma,infeccao,bem,chata
5,jhos2eok,todosnocarnavaleeu,colocando,minhas,series,dia,gracas,deus
0,que,juiz,moro,afirma,pedir,prisao,jorge,luz,que,voltou,dos,eua,brasil,neste,252,esta
5,shawnmendesbra,shawn,aeroporto,japao,esta,manhajfcshawnmendes
5,shawnmendesbra,shawn,aeroporto,japao,esta,manhajfcshawnmendes
0,ianfansbr,voces,pararam,pra,perceber,faltam,episodios,pra,fim,tvd
5,shawnmendesbra,shawn,aeroporto,japao,esta,manhajfcshawnmendes
0,por,problemas,voo,confronto,entre,bahia,parana,adiado,para,domingo,centralfoxbrasil
0,fiquei,encantado,com,desfile,aguia,ouro,encerrou,primeiro,dia,desfiles,sao
0,rfragosoei,informacao,condicao,fisica,borja,permite,ele,atue,por,minutos,sua,estreia,diante,ferroviaria
0,bom,sabado,carnaval,meu,amor,amei,bibidomiciano,arlindoama,arlindoindica,carnaval
6,como,joga,lol
0,batman,superman,grande,vencedor,framboesa,ouro,2017,confira,lista,completa
0,goooooooooooooooool,chelseafc,dele,diegocosta,pega,primeira,amplia,para,blues,contra
5,cade,seu,fregues,favorito,marca,ele
0,queres,lookdodia,tendencias,look,moda,roupas,acessorios,beleza,inspiracao,estilo
0,aliceandradee,marcos,nao,quer,ajudeemilly,nao,arrumo,sozinhamarcos,nao,quer,ajudeemilly,ajuda,por
5,qual,sua,roupa,neste,carnaval,usecamisinha
0,cola,virada,sevilla,vence,fora,casa,empata,pontos,merengues,campanha,time,samp
0,vitorsergio,partida,muito,carater,swansea,muita,paciencia,arrancar,vitoria,chelsea,stamford,bridge,cesc
0,jorgeiggor,betis,sevilla,atualmente,dos,classicos,maior,disparidade,entre,rivais
0,vocenaosabiaq,quando,voce,esta,sozinho,voce,pensa,quando,voce,pensa,voce,lembra,quando,voce,lembra,voce,sente,dor,alegri
5,euidiotices,amiga,vamo,vai,ser,legal
2,onde,foi,parar,minha,filha
7,cade,coragem
5,nao,tem,ninguem,pra,comigo,cinema
0,bom,sabado,todos,aproveitando,esse,calor,foz,iguacu,aqui,praia,mabu,com,minha,familia
5,fauna,maritima,frutas,tropicais,atualizam,look,praia,verao,2017
0,richard,gere,tenta,fazer,amizades,nova,york,primeiro,trailer,drama,norman
5,tudo,azul,samsung,deve,terminar,trimestre,com,aumento,lucros
0,realtonyramos,estou,pouco,bravo,com,alguns,voces,perdem,respeito,com,minha,pessoa,exijo,respeito,bom
0,com,gols,cesc4official,pedro,diegocosta,chelseafc,vence,swansofficial,mantem,tranquilidade,lide
2,como,marcar,defender,pes,2017
2,quando,sente,aquele,frio,barriga
0,rafafalando,marcos,disse,vai,arrumar,pro,almoco,com,emilly,nao,pela,familia,nao,vou,mentir,adoro
0,fecastanhari,hoje,1430,encontro,dos,narizes,caldeirao,huck,assiste,porque,vou,passar,vergonha,calabresadani
0,dessathinks,desculpa,decepcionar,voces,mas,emilly,bem,mais,bonita,que,vivian
2,vontade,dormir,tarde,toda
5,ttwitandu,namore,alguem,que,namore,voce,apenas
2,namorou,aplicativos,daqui,tempo
3,sempre
1,vish
5,fcbastidorestv,anitta,mostra,look,canta,loka,sbt,folia,2017
0,conspirou,colocou,meu,lugar,perguntou,como,sinto,todos,dias
0,fcbastidorestv,ratinho,vice,isolado,vence,gugu,por,diferenca,tres,pontos,confronto,direto,veja,consolidados,quarta
0,fcbastidorestv,dia,historia,24022000,sbt,anuncia,investimento,200,milhoes,dolares,filmes,novelas,tecnologia
2,congonhas,sao,paulocongonhas,airport
0,duelo,tricolores,quem,sera,primeiro,finalista,taca,guanabara,primeiro,turno,cariocao,das,laranjei
7,vai,toma
6,pefabiodemelo,escarnio,continua
5,essas,musicas,raca,negra,meu,celular,tudo,depre
5,twittei,amor,animal,coisa,mais,linda,reciproca,existe
7,muito,verdade
0,bom,dia,pra,quem,perdeu,chances,matar,dragoes,jogando,skyrim
0,sescsantoamaro,tal,esquenta,pro,show,suplaoriginal,com,anos,carreira,videos
7,say,racism
6,deixa,pato,mozao
0,todo,mundo,tem,uma,amiga,terror,zaga,adversaria,marca,sua
5,melhores,apps,semana,para,ipad
0,dublador,kratos,indica,que,novo,god,war,chega,ainda,este,ano
0,bola,vai,rolar,para,herthaberlin,eintrachtfrankfurt,pelo,alemaofoxsports,vai,torcer,pra,quem
5,festa,comecou,novo,sheratonrio,thairodrigues28,crisalves,arlindoama,arlindoindica
5,esse,time,brasil,sub20,2011,estava,fraco
5,thidylicious,muita,barba,colorida,glitterizada,nesse,carnaval
0,dolfoda,marcos,voce,acha,que,sou,bomemilly,nao,seimarcos,boa,resposta,hahahahahahahahahahaha
5,solempeixes,demonstracoes,sentimento,dificilmente,serao,mal,recebidas,por,alguem,peixes
0,dolfoda,rolar,pedido,namoro,esqueco,todas,drs,chatas,surto,nem,louco
0,dolfoda,emilly,tua,mae,tava,bem,seriamarcos,viemilly,acha,ela,tristemarcos,nao,sei,meu,deus
0,dolfoda,emilly,voce,meu,alicerce,voce,sair,vou,cair,vou,ter,levantar,sozinha,sou,mais,forte,contigo,aqui
0,dolfoda,emilly,sei,que,voce,tem,medo,pro,paredao,mas,gostaria,que,evitasse,isso,por,mimmarcos,por,voce,enta
0,buzzfeedbrasil,motorista,onibus,avisa,passageiros,seu,horario,grupo,whatsapp
0,dolfoda,emilly,dizendo,que,ser,bonita,pobre,isso,nao,significa,que,ela,seja,puta,interesseira,close,certo
5,linda,sienna,belle,esta,palco,pgmraulgil,jogodobanquinho
0,tuitavini,emilly,sou,pobre,mas,sou,nem,burra,nem,puta,nem,interesseira,amoooooooo
5,piscianux,amor,verdadeiro,peixes,nesse,carnaval,bebida,pas
0,fuzzy,cloud,worms,delightfully,strange,and,whimsical,deviantart,via,c0nvey
5,pessoa,que,ama,pensando,outra,agr
0,tiagoleifert,por,causa,carnaval,amanha,formacao,paredao,mais,cedo,20hlogo,apos,domingao
0,camistuita,emilly,sei,que,tem,medo,pro,paredao,mas,gostaria,muito,que,evitasse,isso,por,mim
0,sinto,preparado,respeito,todas,colocacoes,mas,nao,deixo,abalar,por,elas
0,tuitavini,ele,pegou,cadeira,botou,lado,dela,brindarammarcos,saudeemy,nois
0,helpnetflix,para,uma,com,troye,sivannos,siga,notificacoes,ativadas,siga,mieczslydiavale,spamindia
3,ofcoursezuzin
6,alissaesthetic,helpnetflix,obrigada
0,com,geracao,pokemon,tem,dois,monstrinhos,regionais,podem,ser,capturados,brasil
2,emocao,velocidade,chegam,firme,nascarfoxsports
0,nijigahara,holograph,manga,diferente,tudo,voce,leu,veja,onde,comprar,seu,exemplar,gtgt
0,combateaedes,voce,sabe,aedes,aegypti,pode,estar,qualquer,lugar,inclusive,parquinhofique,atento
0,para,nao,comprometer,seu,corpo,confira,algumas,dicas,para,manter,saude,carnaval
0,gente,vai,assistir,carnaval,pelo,sbtfolia,curtir,muito,voce,angeladip
0,dolfoda,que,abraco,nao,faz,bem,que,ele,faz,lt3
5,beleza,carlacachoeira,passando,pela,sua,timeline,mais,apresentacao
0,sera,palmeiras,reage,apos,perder,derbi,essa,hora,mas,ferroviaria,promete,jogo,duro
2,sorteio,otaku,vale,compras,100,reais
0,dolfoda,muito,facil,ficar,julgando,emilly,dizendo,que,ela,faz,pobre,sendo,que,sabe,que,ela,passou,nem,vida,del
5,ganharia,1000,caixa,dagua,5000l,sol
5,gustastockler,video,novo,com,rainha,carnaval,2017,todos
0,governoalagoas,pular,carnaval,bom,divertir,tambem,mas,curtir,seguranca,ainda
5,exawsta,emilly,marcos,parece,pentelho,coitada,tua,mae,kkkkkkkkkkkkkk
0,ficou,casa,sem,problemas,veja,series,para,maratonar,feriado,carnaval
0,quem,velha,senhora,nao,perde,juve,campo,jeito,nenhum,veja,tela,app
5,saudespimprensa,neste,carnaval,lembre,usar,camisinha,naondadaprevencao,camisinhaemeucrush
7,kefera,kefera,vila,matilde,kcapersonalidadebr,kefera
0,govparaiba,vai,brincar,carnaval,junto,com,criancada,esqueca,levar,bastante,agua,pra,elas,carnaval,bacana,com,saude
5,aniversaro,animesdigital,niver,nosso,mas,presente,seu,frete
0,govamazonas,folga,sabado,entao,tal,doar,sangue,hemoam,funciona,das,7h30,horas,passa,faca,bem,salve
0,govamazonas,que,tal,comecar,dia,dando,uma,geral,quintal
0,meccomunicacao,para,voce,vai,dar,uma,pausa,nos,estudos,curtir,folia,carnaval,uma,dica,for,beber,dirija
0,mturismo,juntos,somos,mais,fortes,combate,exploracao,sexual,criancas,adolescentes,brasil
0,portalbrasil,melhoresdasemana,minsaude,reforca,politica,protecao,dados,sistemas,redes,pasta,ficarao,mais,seguros
7,pouco,liso
0,governope,para,pular,carnaval,pernambuco,preciso,ter,disposicao,para,curtir,todos,dias,intensamente,lembrese,beber,bas
2,inverno,2018,jilsanderpr,mfw
0,nao,gosto,bloco,carnaval,voce,nunca,mais,vai,dizer,isso,depois,ver,esse,video,coisa,maravilho
6,rapaziada,como,carnaval
0,rfragosoei,sem,mina,poupado,dracena,titular,egidio,sera,titular,esquerda,roberto,meio,borja,comeca,banco
5,estilo,tendencias,acessorios,lookdodia,look,moda,beleza,inspiracao,roupas
2,aboutmally,marcos,seus,cochichosbbb17,mally
0,por,problemas,voo,confronto,entre,bahia,parana,adiado,partida,ainda,nao,tem,data,definida
2,inverno,estampado,antonio,marras,mfw
7,vida,gamer
5,conheca,anna,joaquim,herois,novo,mundoveja
5,sony,xperia,premium,imagem,vazada,mostra,smartphone,brilhante
0,dolfoda,fico,feliz,estar,torcida,emilly,por,ter,tanta,gente,bem,compreende,defeitos,dela,sem,precisar,usar,baix
2,algumas,coisas,nunca,mudam
2,nao,consigo,gostar,calor
0,nao,esqueca,acompanhar,amanha,nossa,live,comentando,tudo,sobre,oscar,2017,oscaromelete
0,melhores,semana,whatsapp,lanca,recurso,videos,curtos,igual,snapchat,instagram
0,juventus,jogando,casa,contra,17o,colocado,acho,vai,rolar,sacode,vai,torcer,pra,quemesse,jogaco
5,adonizedeque,descobre,romance,ula,mireu,prende,taberneira,aterraprometida
0,helena,faz,sebastiao,jurar,perante,biblia,que,realmente,pai,gabriel,aescravaisaura
0,fairy,tail,comecou,chegar,nas,bancas,lojas,especializadas,saiba,mais,gtgt
0,torcedores,flamengo,vascodagama,estao,nas,arquibancadas,para,classico,rivalidade,fica,campo
2,posso,ler,sua,mao
2,patycostacrf,hoje,tem,flamengo,flamengatass
0,linda,sienna,belle,arrasou,cantando,pgmraulgil,pequena,ainda,cantou,uma,musica,inedita,confira,aqui
6,karolconka,amo,salvador
0,hoje,atacante,eduardo,silva,atualmente,atleticopr,completa,anos,cada,parabens,para
0,acabei,diz,patrick,stewart,sobre,interpretar,professor,xavier,xmen,anunciando,aposentadoria,franquia
0,esse,carnaval,vai,ser,tao,louco,quanto,essa,resenha,entre,keirrison,rafinha,heber,roberto,lopes
2,ptrcmcrf,muito,ansiosa,meu,deus
0,mineirao,baudocectt,promessa,paga,outros,sao,presente,gigante,amigos
2,video,mercedesmaybach,650,landaulet,safari
0,tropa,alfa,exilados,novos,mutantes,sao,futuro,dos,xmen,cinema
0,riridaimondis,pessoas,normais,conversandooi,miga,tudo,bem,tudo,sim,vcbem,tbmeu,minhas,amigasmacho,macho,macho,machomach
2,nao,chega,jeito,nenhum
0,nsistir,que,esta,numa,boa,uma,das,ciladas,que,acredite,pioram,tpm,baudasaude
0,comeeeeca,jogo,bola,rolando,para,primeiro,tempo,entre,palmeiras,ferroviaria,allianz,parque,palxfer
0,que,juiz,moro,afirma,ordenar,prisao,jorge,luz,que,voltou,dos,eua,brasil,neste,252,esta
5,w4lkersdead,shane,batendo,melhor,video,que,vai,ver
0,vale,muito,santos,conseguira,reagir,vai,sofrer,com,garra,botafogosp,escolha,seu,lado
0,apus,amd,baseadas,ryzen,graficos,vega,polaris,chegam,metade,2017,rumor
0,comecou,entre,barco,com,marcodevargas,gustaribeirao,para,acompanhar,juventus,empoli,use,tag
6,futmai5,magia,camisa
0,goooooooooooolll,apos,cruzamento,willian,keno,sobe,cabeceia,para,fundo,gol,palxfer
0,chegando,hora,amigo,quem,leva,classico,dos,milhoesrt,flamengo,vascodagama
0,bombou,semanasem,douglas,gremio,sonda,ganso,pode,fazer,extravagancias,por,reforcos
5,muralhafalando,jogo,nem,comecou,olha,quem,meu,portao
5,olha,esse,luca,hahahaha,amo,esse,guri
6,lucamartinii,rima,proposital
7,sentiu,voadora
5,inspiracao,estilo,look,tendencias,acessorios,moda,lookdodia,beleza,roupas
0,serieatim,allo,juventus,stadium,tutto,pronto,per,juveempoli,ecco,titolari,che,scenderanno,campo,alle,2045
0,lucamartinii,paul,mccartney,perguntado,canta,sobre,sexo,disse,sexo,canto,prefiro,fazer,ele,casado,diziam
0,lucamartinii,imagina,tudo,isso,voce,ouve,dia,ainda,agradecem,deus,pelo,sucesso,come,give,beatles,back
5,amizadenas,poucas,riquezas,vida,estao,amigos,sempre
5,marvel,pode,criar,mistura,hulk,com,wolverine
2,concorda,com,destaque,sevillafc
5,mais,cidades,triangulo,alto,paranaiba,tem,rumores,epizootias
0,euiagosales,hipocrisia,brasileiro,comeca,quando,bruna,marquezina,usa,fio,dental,maravilhosa,quando,anitta,torna
5,quando,bonde,todo,resolve,com,mesma,fantasia,pro,bloco
2,teambbbrick,castigo,monstropartiu,esconder,kkkkkkkkkkkkkkkkkkk,bbb17
5,liderbbb,emilly,marcos,cochichavam,primeira,semana,quarta,2501
2,emillyaraujoof,amem,emilly,araujo
0,quase,outro,palmeiras,keno,foi,lancado,area,tirou,goleiro,bateu,mas,zaga,corta,bola,entrou,palxfer
5,centraldanacao,puta,que,pariu,nervoso,pra,caralho
5,blackberry,mercury,anunciado,oficialmente,sob,nome,keyone,mwc,2017
2,rafaellawaldorf,olha,picinhos,lt3
3,ocarlosfelipe
2,itsmirella,eles,abracados,sorriso,dela
7,aminduim,trio
0,bbbalela,enxergo,sim,potencial,sucesso,emilly,ela,ainda,vai,calar,boca,muita,gente,apenas,observo
5,vini11oficial,algum,site,pra,assistir,maior,mundo,hoje
5,jogador,uniclinic,sou,tentando,ficar,equilibrado,carnaval
5,losdoouglas,naminhainfanciaeu,assisti,todos,para,baixinhos,xuxa
5,incriveis,joias,lala,rudge,los,angeles,spiritawards
0,sesab,disponibilizou,cerca,milhoes,camisinhas,ate,final,dos,festejos,saude
0,resenhando,essa,para,fas,xuxa,soparabaixinhos,abcdoxspb,xuxasoparabaixinhos13,chega,playkids
0,sesab,disponibilizou,cerca,milhoes,camisinhas,ate,final,dos,festejos,saude,thuglife,dst,govba
0,neste,carnaval,vire,garrafas,cabeca,pra,baixo,acabe,com,agua,parada,mosquitonao
0,zetman,comecou,chegar,nas,bancas,essa,ilustracao,inicial,ficou,muito,bonita,naosaiba,mais,gtgt
0,bombou,semana,queria,seu,time,veja,jogadores,estrangeiros,que,estao,sem,contrato
5,madeinodin,que,deus,nos,abencoe,nos,proteja
6,blogxuxa,capa,xspb
2,ahickmann,que,loucura,acabaram,com,carnaval
5,dihzaao,uma,boa,manha,sabado,xspb,frooty,loops
5,pisoteei,quem,disse,carnaval,nao,cultura,foratemer
5,caiquegamadinho,esses,dois,pra,mim,era,melhores,xspb
3,patronoreedus
2,dhanilima,estiver,rindo,pecado,kkkkkkkkkkkkkkkkk
2,lindezo,now,playing,xspb
5,vixijoh,chorando,com,song,noite,aqui,xspb
0,manuhlimas2,aquela,toda,geracao,que,cresceu,assistindo,xspb,xuxanarecord,xuxavamoscomvoce
0,portalr7,voce,ainda,nao,sabe,dancar,hit,carnaval,sabrinasato,ajuda,vem,ver,coreografia
0,sorrisosou,cinema,aqui,terra,xuxameneghel,exibe,xspb,enquanto,filme,nao,comeca,criancas,vibram,muito
0,xuxacharts,mesmo,antes,comecar,ser,gravado,xspb,havia,vendido,mais,milhoes,copias,xuxacharts
5,representantes,organizacoes,internacionais,elogiam,hospital,mulher
0,quaaaaaaase,mais,edu,dracena,lanca,para,willian,tenta,tirar,goleiro,mas,bola,vai,para,fora,segue,1x0,palxfer
5,vinimodanese,aqui,assistindo,xspb,1ao,11melhores,albuns,xuxanave
0,comeeeca,segundo,tempo,palmeiras,ferroviaria,voltaram,campo,allianz,parque,palxfer
0,sayadrung,candy,ccensura,generos,adulto,drama,ecchi,romance,seinen,slice,lifeuploader
0,fim,tempo,empoli,segurou,garantiu,juventus,segunda,etapa,vai,pegar,fogo,amigo
0,bombou,semanaluiz,antonio,descarta,retorno,fla,nao,fui,valorizado,segui,vida
5,philosophy,lorenzo,serafini,encerra,sabado,desfiles,mfw
5,primeiro,tempo,juventus,empoli,italianofoxsports
6,procede,torcida,gremio
0,juntos,mais,ano,neste,carnaval,precisou,bradesco,resolve,carnavalcomivete,carnaval
0,kakarotochain,chronicle,haecceitas,hikari,parte,filme,genero,acao,aventura,fantasia
0,falta,para,juventus,sair,frente,contra,empoli,essa,para,fortes,italianofoxsports
0,hoje,dia,mais,uma,vitoria,dos,comandados,rogerio,ceni,diz,torcedor,saopaulo
0,isabelifontana,mengoooo,quero,ver,goleu,quero,ver,gol,nao,precisa,ser,placa,quero,ver,goooooooooooooooool
5,gooooooooooooooool,flamengo,ribasdiego10,penalti,abre,placar,contra,vasco
0,gostas,tendencias,roupas,lookdodia,look,beleza,acessorios,moda,estilo,inspiracao
5,russell,crowe,como,cable,deadpool,possivel
0,gianluigibuffon,sabe,quem,sera,herdeiro,sua,posicao,selecao,italia,olha,parabens,paredao
6,verdade,seja,dita
5,carnaval,fabiopaivafp,sheratonrio,thairodrigues28,crikanikit1,samba,sheraton,grand,rio
0,fim,primeira,etapa,santosfc,procura,espacos,mas,botafogosp,nao,facilita,missao,vila,sanxbot
5,bola,rolou,para,segundo,tempo,italianofoxsports
0,periiiigo,capixaba,limpa,para,canhota,bate,forte,passando,lado,trave,fernando,prass,palxfer
3,aminduim
7,emillyaraujoof,novafotodoperfil
0,itspedrito,quandoo,achar,passando,vergonha,algum,lugar,pelo,menos,nao,antonio,manoel
5,w4lkersofredor,vou,colar,essa,foto,testa
6,pode,acabar,jogo
5,sescspcatanduva,oficina,fantasias,sesc,catanduva,via,youtube
5,kathelencrf,porra,praq,segundo,tempo,neu,amigo
0,toca,musica,fox,sports,saiu,gol,juve,mandzukic,testa,bonito,abre,conta,juventus,empoli
0,gooooooooooooooooooooolll,jean,rola,bola,para,michel,bastos,chuta,forte,com,esquerda,para,ampliar,placa
0,fevereiro,408,candidatos,compareceram,posto,hemoba,fazerem,doacao,sangue
4,ptrcmcrf,vamos,comigo,gentenao,recua,nao,recua,nao,recua,nao,recua,nao,recua,nao,recua,nao,recua,nao,recua,nao,recua,nao,recua,nao
2,elliott,ives,tao,bonito
