nicki,flaxvas
arabidol,todosnocarnavaleeu
dncchair,esse rodrigo
mma16,kelvin
melfest,bolanos
,marcelo grohe
pablo raez,sabadocomtsunamisdv
trey,omelhordotwittereh
malik monk,isso aqui nao e vasco
esse rodrigo,berrio
letitshine,rafael vaz
,thiago santos
widm,dopecldaycongratz
saturdaynighttakeaway,leo moura
,fanfic camren vira livro
flaxvas,kefera na vila matilde
,bayern
askmariostian,egidio
resistcapitalism,o keno
drgrandprix,directioners wake up
juveempoli,arao
,palmeiras 1x0 ferroviaria
ballandoconlestelle,miss mundo
irevfra,gabriel nao
pzvqg,cruzeiro 0x1 gremio
napoliatalanta,kannemann
,vamos ganhar vasco
esdegordo,fluminense x madureira
birhisvaricimde,deixaram o papai chegar
loscfcgb,renato chaves
nuks,edu dracena
songorbandinspace,martin silva
2yearssincethmt,framboesa de ouro
,felipe santana
heidelberg,raul gil
,the killer
12stig,diego eu te amo
scovwal,remy ma
,lucianinho
,bora mengao
2017,vitor bueno
sabadoyvoya,swansea
dsds,queremosoalbumdreammachine
scoscb,caldeirao
,quemsabecanta
,carnavalcomandoemafiasdv
gonusmadangecmeycen,thefarawaylove
icantrespectanyonewho,dgvxcam
festivalcarnavales2017,jfcshawnmendes
,nbbnaband
